0;1;2;3;4;5;6;7;8;9;10;11;12;13;14;15;16;17;18;19;20;21;22;23;24
Vacaciones Aregua CASA VANESSA;Hotel La Aparesida;Vacaciones Aregua (Casa Pablo);Amplia casa para vos y tu familia;Los Prados Sanber;Casa Del Val- Villa Maria;San Bernardino - La Casa del Cerro - Hotel Boutique;Gardenia...tu experiencia con la naturaleza;Olimpo Hotel & Suites;Oasis-Dream;Casa completa en condominio Gracia 1;Los Lagos Resort Hotel;Sueño Luqueño;Tava Cerro;Yellow Palace;Villa San Nicolás con piscina;Maison familiale de Aquavillage;Sol de Luque Casa-hotel;La Matilde Lodge;Hospedaje Aeropuerto;Canarias Bed & Breakfast;Canarias depto;Casa en San ber - Urbanización Piro'y;Quinta Triple A;Tiny Houses en Asunción. Zona Aeropuerto-Rakiura
9,6;7,3;9,4;;8,7;9,5;9,5;;7,9;8,3;8,4;8,2;9,7;8,8;;5,0;;8,3;9,1;9,2;7,7;9,3;;;9,4
;;;;;;;;4;;;;;;;;;;;;;;;;
;;;;;;;;;;;;;;;;;;;;;;;;
Areguá;Areguá;Areguá;Itauguá;San Bernardino;San Bernardino;San Bernardino;Ypacarai;Itauguá;San Bernardino;Luque;Capiatá;Luque;San Bernardino;San Bernardino;San Bernardino;Altos;Luque;San Bernardino;Luque;San Lorenzo;San Lorenzo;Ypacarai;Luque;Zarate Isla
[-25.3129299, -57.3846579];[-25.3129299, -57.3846579];[-25.3129299, -57.3846579];[-25.3947318, -57.3532892];[34.8253019, -116.0833144];[34.8253019, -116.0833144];[34.8253019, -116.0833144];[-25.4046805, -57.2857757];[-25.3947318, -57.3532892];[34.8253019, -116.0833144];[-25.2665417, -57.4926928];[-25.3548171, -57.4427315];[-25.2665417, -57.4926928];[34.8253019, -116.0833144];[34.8253019, -116.0833144];[34.8253019, -116.0833144];[-5.0393915, -42.4611694];[-25.2665417, -57.4926928];[34.8253019, -116.0833144];[-25.2665417, -57.4926928];[42.3832108, 9.287966];[42.3832108, 9.287966];[-25.4046805, -57.2857757];[-25.2665417, -57.4926928];[-25.2339296, -57.5076482]
10-20-2022;10-20-2022;10-20-2022;10-20-2022;10-20-2022;10-20-2022;10-20-2022;10-20-2022;10-20-2022;10-20-2022;10-20-2022;10-20-2022;10-20-2022;10-20-2022;10-20-2022;10-20-2022;10-20-2022;10-20-2022;10-20-2022;10-20-2022;10-20-2022;10-20-2022;10-20-2022;10-20-2022;10-20-2022
10-30-2022;10-30-2022;10-30-2022;10-30-2022;10-30-2022;10-30-2022;10-30-2022;10-30-2022;10-30-2022;10-30-2022;10-30-2022;10-30-2022;10-30-2022;10-30-2022;10-30-2022;10-30-2022;10-30-2022;10-30-2022;10-30-2022;10-30-2022;10-30-2022;10-30-2022;10-30-2022;10-30-2022;10-30-2022
2;2;2;2;2;2;2;2;2;2;2;2;2;2;2;2;2;2;2;2;2;2;2;2;2
2;2;2;2;2;2;2;2;2;2;2;2;2;2;2;2;2;2;2;2;2;2;2;2;2
2;2;2;2;2;2;2;2;2;2;2;2;2;2;2;2;2;2;2;2;2;2;2;2;2
https://www.booking.com/hotel/py/vacaciones-aregua-casa-vanessa.es.html?label=esrow-OtlvhU2CXhSVxek50Z_17wS410489931081%3Apl%3Ata%3Ap1%3Ap22.563.000%3Aac%3Aap%3Aneg%3Afi%3Atikwd-65526620%3Alp9069967%3Ali%3Adec%3Adm%3Appccp%3DUmFuZG9tSVYkc2RlIyh9YcUSe6BbHz0Ad_yDShFFSHQ&sid=7641fd823bc03f4920f0e88620434e97&aid=376374&ucfs=1&arphpl=1&checkin=2022-10-30&checkout=2022-10-31&group_adults=2&req_adults=2&no_rooms=2&group_children=2&req_children=2&age=5&req_age=5&age=9&req_age=9&hpos=1&hapos=1&sr_order=popularity&srpvid=8f8215ecf413008a&srepoch=1666753627&all_sr_blocks=617521601_275834171_6_0_0&highlighted_blocks=617521601_275834171_6_0_0&matching_block_id=617521601_275834171_6_0_0&sr_pri_blocks=617521601_275834171_6_0_0__8000&from=searchresults#hotelTmpl;https://www.booking.com/hotel/py/la-aparecida.es.html?label=esrow-OtlvhU2CXhSVxek50Z_17wS410489931081%3Apl%3Ata%3Ap1%3Ap22.563.000%3Aac%3Aap%3Aneg%3Afi%3Atikwd-65526620%3Alp9069967%3Ali%3Adec%3Adm%3Appccp%3DUmFuZG9tSVYkc2RlIyh9YcUSe6BbHz0Ad_yDShFFSHQ&sid=7641fd823bc03f4920f0e88620434e97&aid=376374&ucfs=1&arphpl=1&checkin=2022-10-30&checkout=2022-10-31&group_adults=2&req_adults=2&no_rooms=2&group_children=2&req_children=2&age=5&req_age=5&age=9&req_age=9&hpos=2&hapos=2&sr_order=popularity&srpvid=8f8215ecf413008a&srepoch=1666753627&all_sr_blocks=873417901_356160257_2_1_0%2C873417901_356160257_2_1_0&highlighted_blocks=873417901_356160257_2_1_0%2C873417901_356160257_2_1_0&matching_block_id=873417901_356160257_2_1_0&sr_pri_blocks=873417901_356160257_2_1_0__3870%2C873417901_356160257_2_1_0__3870&from_sustainable_property_sr=1&from=searchresults#hotelTmpl;https://www.booking.com/hotel/py/vacaciones-aregua-casa-pablo.es.html?label=esrow-OtlvhU2CXhSVxek50Z_17wS410489931081%3Apl%3Ata%3Ap1%3Ap22.563.000%3Aac%3Aap%3Aneg%3Afi%3Atikwd-65526620%3Alp9069967%3Ali%3Adec%3Adm%3Appccp%3DUmFuZG9tSVYkc2RlIyh9YcUSe6BbHz0Ad_yDShFFSHQ&sid=7641fd823bc03f4920f0e88620434e97&aid=376374&ucfs=1&arphpl=1&checkin=2022-10-30&checkout=2022-10-31&group_adults=2&req_adults=2&no_rooms=2&group_children=2&req_children=2&age=5&req_age=5&age=9&req_age=9&hpos=3&hapos=3&sr_order=popularity&srpvid=8f8215ecf413008a&srepoch=1666753627&all_sr_blocks=540270601_275834181_5_0_0&highlighted_blocks=540270601_275834181_5_0_0&matching_block_id=540270601_275834181_5_0_0&sr_pri_blocks=540270601_275834181_5_0_0__7000&from=searchresults#hotelTmpl;https://www.booking.com/hotel/py/amplia-casa-para-vos-y-tu-familia.es.html?label=esrow-OtlvhU2CXhSVxek50Z_17wS410489931081%3Apl%3Ata%3Ap1%3Ap22.563.000%3Aac%3Aap%3Aneg%3Afi%3Atikwd-65526620%3Alp9069967%3Ali%3Adec%3Adm%3Appccp%3DUmFuZG9tSVYkc2RlIyh9YcUSe6BbHz0Ad_yDShFFSHQ&sid=7641fd823bc03f4920f0e88620434e97&aid=376374&ucfs=1&arphpl=1&checkin=2022-10-30&checkout=2022-10-31&group_adults=2&req_adults=2&no_rooms=2&group_children=2&req_children=2&age=5&req_age=5&age=9&req_age=9&hpos=4&hapos=4&sr_order=popularity&srpvid=8f8215ecf413008a&srepoch=1666753627&all_sr_blocks=915002901_362916054_4_0_0&highlighted_blocks=915002901_362916054_4_0_0&matching_block_id=915002901_362916054_4_0_0&sr_pri_blocks=915002901_362916054_4_0_0__5760&from=searchresults#hotelTmpl;https://www.booking.com/hotel/py/los-prados-sanber.es.html?label=esrow-OtlvhU2CXhSVxek50Z_17wS410489931081%3Apl%3Ata%3Ap1%3Ap22.563.000%3Aac%3Aap%3Aneg%3Afi%3Atikwd-65526620%3Alp9069967%3Ali%3Adec%3Adm%3Appccp%3DUmFuZG9tSVYkc2RlIyh9YcUSe6BbHz0Ad_yDShFFSHQ&sid=7641fd823bc03f4920f0e88620434e97&aid=376374&ucfs=1&arphpl=1&checkin=2022-10-30&checkout=2022-10-31&group_adults=2&req_adults=2&no_rooms=2&group_children=2&req_children=2&age=5&req_age=5&age=9&req_age=9&hpos=5&hapos=5&sr_order=popularity&srpvid=8f8215ecf413008a&srepoch=1666753627&all_sr_blocks=815264101_357052691_3_0_0&highlighted_blocks=815264101_357052691_3_0_0&matching_block_id=815264101_357052691_3_0_0&sr_pri_blocks=815264101_357052691_3_0_0__7650&from_sustainable_property_sr=1&from=searchresults#hotelTmpl;https://www.booking.com/hotel/py/villa-maria.es.html?label=esrow-OtlvhU2CXhSVxek50Z_17wS410489931081%3Apl%3Ata%3Ap1%3Ap22.563.000%3Aac%3Aap%3Aneg%3Afi%3Atikwd-65526620%3Alp9069967%3Ali%3Adec%3Adm%3Appccp%3DUmFuZG9tSVYkc2RlIyh9YcUSe6BbHz0Ad_yDShFFSHQ&sid=7641fd823bc03f4920f0e88620434e97&aid=376374&ucfs=1&arphpl=1&checkin=2022-10-30&checkout=2022-10-31&group_adults=2&req_adults=2&no_rooms=2&group_children=2&req_children=2&age=5&req_age=5&age=9&req_age=9&hpos=6&hapos=6&sr_order=popularity&srpvid=8f8215ecf413008a&srepoch=1666753627&all_sr_blocks=694555302_342267611_2_1_0%2C694555307_342267611_2_1_0&highlighted_blocks=694555302_342267611_2_1_0%2C694555307_342267611_2_1_0&matching_block_id=694555302_342267611_2_1_0&sr_pri_blocks=694555302_342267611_2_1_0__15000%2C694555307_342267611_2_1_0__17000&from=searchresults#hotelTmpl;https://www.booking.com/hotel/py/san-bernardino-8-apartamentos-boutique-techno.es.html?label=esrow-OtlvhU2CXhSVxek50Z_17wS410489931081%3Apl%3Ata%3Ap1%3Ap22.563.000%3Aac%3Aap%3Aneg%3Afi%3Atikwd-65526620%3Alp9069967%3Ali%3Adec%3Adm%3Appccp%3DUmFuZG9tSVYkc2RlIyh9YcUSe6BbHz0Ad_yDShFFSHQ&sid=7641fd823bc03f4920f0e88620434e97&aid=376374&ucfs=1&arphpl=1&checkin=2022-10-30&checkout=2022-10-31&group_adults=2&req_adults=2&no_rooms=2&group_children=2&req_children=2&age=5&req_age=5&age=9&req_age=9&hpos=7&hapos=7&sr_order=popularity&srpvid=8f8215ecf413008a&srepoch=1666753627&all_sr_blocks=791442502_360945431_4_0_0&highlighted_blocks=791442502_360945431_4_0_0&matching_block_id=791442502_360945431_4_0_0&sr_pri_blocks=791442502_360945431_4_0_0__13500&from=searchresults#hotelTmpl;https://www.booking.com/hotel/py/gardenia-tu-experiencia-con-la-naturaleza.es.html?label=esrow-OtlvhU2CXhSVxek50Z_17wS410489931081%3Apl%3Ata%3Ap1%3Ap22.563.000%3Aac%3Aap%3Aneg%3Afi%3Atikwd-65526620%3Alp9069967%3Ali%3Adec%3Adm%3Appccp%3DUmFuZG9tSVYkc2RlIyh9YcUSe6BbHz0Ad_yDShFFSHQ&sid=7641fd823bc03f4920f0e88620434e97&aid=376374&ucfs=1&arphpl=1&checkin=2022-10-30&checkout=2022-10-31&group_adults=2&req_adults=2&no_rooms=2&group_children=2&req_children=2&age=5&req_age=5&age=9&req_age=9&hpos=8&hapos=8&sr_order=popularity&srpvid=8f8215ecf413008a&srepoch=1666753627&all_sr_blocks=892177101_359481624_4_0_0&highlighted_blocks=892177101_359481624_4_0_0&matching_block_id=892177101_359481624_4_0_0&sr_pri_blocks=892177101_359481624_4_0_0__7000&from=searchresults#hotelTmpl;https://www.booking.com/hotel/py/olimpo.es.html?label=esrow-OtlvhU2CXhSVxek50Z_17wS410489931081%3Apl%3Ata%3Ap1%3Ap22.563.000%3Aac%3Aap%3Aneg%3Afi%3Atikwd-65526620%3Alp9069967%3Ali%3Adec%3Adm%3Appccp%3DUmFuZG9tSVYkc2RlIyh9YcUSe6BbHz0Ad_yDShFFSHQ&sid=7641fd823bc03f4920f0e88620434e97&aid=376374&ucfs=1&arphpl=1&checkin=2022-10-30&checkout=2022-10-31&group_adults=2&req_adults=2&no_rooms=2&group_children=2&req_children=2&age=5&req_age=5&age=9&req_age=9&hpos=9&hapos=9&sr_order=popularity&srpvid=8f8215ecf413008a&srepoch=1666753627&all_sr_blocks=34065501_226089881_2_1_0%2C34065501_226089881_2_1_0&highlighted_blocks=34065501_226089881_2_1_0%2C34065501_226089881_2_1_0&matching_block_id=34065501_226089881_2_1_0&sr_pri_blocks=34065501_226089881_2_1_0__7500%2C34065501_226089881_2_1_0__7500&from=searchresults#hotelTmpl;https://www.booking.com/hotel/py/oasis-dream.es.html?label=esrow-OtlvhU2CXhSVxek50Z_17wS410489931081%3Apl%3Ata%3Ap1%3Ap22.563.000%3Aac%3Aap%3Aneg%3Afi%3Atikwd-65526620%3Alp9069967%3Ali%3Adec%3Adm%3Appccp%3DUmFuZG9tSVYkc2RlIyh9YcUSe6BbHz0Ad_yDShFFSHQ&sid=7641fd823bc03f4920f0e88620434e97&aid=376374&ucfs=1&arphpl=1&checkin=2022-10-30&checkout=2022-10-31&group_adults=2&req_adults=2&no_rooms=2&group_children=2&req_children=2&age=5&req_age=5&age=9&req_age=9&hpos=10&hapos=10&sr_order=popularity&srpvid=8f8215ecf413008a&srepoch=1666753627&all_sr_blocks=831001701_350797947_2_2_0%2C831001701_350797947_2_2_0&highlighted_blocks=831001701_350797947_2_2_0%2C831001701_350797947_2_2_0&matching_block_id=831001701_350797947_2_2_0&sr_pri_blocks=831001701_350797947_2_2_0__6000%2C831001701_350797947_2_2_0__6000&from=searchresults#hotelTmpl;https://www.booking.com/hotel/py/casa-completa-con-2-dormitorios.es.html?label=esrow-OtlvhU2CXhSVxek50Z_17wS410489931081%3Apl%3Ata%3Ap1%3Ap22.563.000%3Aac%3Aap%3Aneg%3Afi%3Atikwd-65526620%3Alp9069967%3Ali%3Adec%3Adm%3Appccp%3DUmFuZG9tSVYkc2RlIyh9YcUSe6BbHz0Ad_yDShFFSHQ&sid=7641fd823bc03f4920f0e88620434e97&aid=376374&ucfs=1&arphpl=1&checkin=2022-10-30&checkout=2022-10-31&group_adults=2&req_adults=2&no_rooms=2&group_children=2&req_children=2&age=5&req_age=5&age=9&req_age=9&hpos=11&hapos=11&sr_order=popularity&srpvid=8f8215ecf413008a&srepoch=1666753627&all_sr_blocks=812034201_343474562_5_0_0&highlighted_blocks=812034201_343474562_5_0_0&matching_block_id=812034201_343474562_5_0_0&sr_pri_blocks=812034201_343474562_5_0_0__3465&from=searchresults#hotelTmpl;https://www.booking.com/hotel/py/los-lagos-resort.es.html?label=esrow-OtlvhU2CXhSVxek50Z_17wS410489931081%3Apl%3Ata%3Ap1%3Ap22.563.000%3Aac%3Aap%3Aneg%3Afi%3Atikwd-65526620%3Alp9069967%3Ali%3Adec%3Adm%3Appccp%3DUmFuZG9tSVYkc2RlIyh9YcUSe6BbHz0Ad_yDShFFSHQ&sid=7641fd823bc03f4920f0e88620434e97&aid=376374&ucfs=1&arphpl=1&checkin=2022-10-30&checkout=2022-10-31&group_adults=2&req_adults=2&no_rooms=2&group_children=2&req_children=2&age=5&req_age=5&age=9&req_age=9&hpos=12&hapos=12&sr_order=popularity&srpvid=8f8215ecf413008a&srepoch=1666753627&all_sr_blocks=253528404_337877578_0_1_0%2C253528404_337877578_0_1_0&highlighted_blocks=253528404_337877578_0_1_0%2C253528404_337877578_0_1_0&matching_block_id=253528404_337877578_0_1_0&sr_pri_blocks=253528404_337877578_0_1_0__6098%2C253528404_337877578_0_1_0__6098&from_sustainable_property_sr=1&from=searchresults#hotelTmpl;https://www.booking.com/hotel/py/sueno-luqueno.es.html?label=esrow-OtlvhU2CXhSVxek50Z_17wS410489931081%3Apl%3Ata%3Ap1%3Ap22.563.000%3Aac%3Aap%3Aneg%3Afi%3Atikwd-65526620%3Alp9069967%3Ali%3Adec%3Adm%3Appccp%3DUmFuZG9tSVYkc2RlIyh9YcUSe6BbHz0Ad_yDShFFSHQ&sid=7641fd823bc03f4920f0e88620434e97&aid=376374&ucfs=1&arphpl=1&checkin=2022-10-30&checkout=2022-10-31&group_adults=2&req_adults=2&no_rooms=2&group_children=2&req_children=2&age=5&req_age=5&age=9&req_age=9&hpos=13&hapos=13&sr_order=popularity&srpvid=8f8215ecf413008a&srepoch=1666753627&all_sr_blocks=816322301_345857448_4_0_0&highlighted_blocks=816322301_345857448_4_0_0&matching_block_id=816322301_345857448_4_0_0&sr_pri_blocks=816322301_345857448_4_0_0__6577&from_sustainable_property_sr=1&from=searchresults#hotelTmpl;https://www.booking.com/hotel/py/tava-glamping-cerro.es.html?label=esrow-OtlvhU2CXhSVxek50Z_17wS410489931081%3Apl%3Ata%3Ap1%3Ap22.563.000%3Aac%3Aap%3Aneg%3Afi%3Atikwd-65526620%3Alp9069967%3Ali%3Adec%3Adm%3Appccp%3DUmFuZG9tSVYkc2RlIyh9YcUSe6BbHz0Ad_yDShFFSHQ&sid=7641fd823bc03f4920f0e88620434e97&aid=376374&ucfs=1&arphpl=1&checkin=2022-10-30&checkout=2022-10-31&group_adults=2&req_adults=2&no_rooms=2&group_children=2&req_children=2&age=5&req_age=5&age=9&req_age=9&hpos=14&hapos=14&sr_order=popularity&srpvid=8f8215ecf413008a&srepoch=1666753627&all_sr_blocks=442728703_329613539_2_1_0%2C442728701_349342656_2_1_0&highlighted_blocks=442728703_329613539_2_1_0%2C442728701_349342656_2_1_0&matching_block_id=442728703_329613539_2_1_0&sr_pri_blocks=442728703_329613539_2_1_0__12500%2C442728701_349342656_2_1_0__15277&from=searchresults#hotelTmpl;https://www.booking.com/hotel/py/yellow-palace.es.html?label=esrow-OtlvhU2CXhSVxek50Z_17wS410489931081%3Apl%3Ata%3Ap1%3Ap22.563.000%3Aac%3Aap%3Aneg%3Afi%3Atikwd-65526620%3Alp9069967%3Ali%3Adec%3Adm%3Appccp%3DUmFuZG9tSVYkc2RlIyh9YcUSe6BbHz0Ad_yDShFFSHQ&sid=7641fd823bc03f4920f0e88620434e97&aid=376374&ucfs=1&arphpl=1&checkin=2022-10-30&checkout=2022-10-31&group_adults=2&req_adults=2&no_rooms=2&group_children=2&req_children=2&age=5&req_age=5&age=9&req_age=9&hpos=15&hapos=15&sr_order=popularity&srpvid=8f8215ecf413008a&srepoch=1666753627&all_sr_blocks=880934001_357307446_8_0_0&highlighted_blocks=880934001_357307446_8_0_0&matching_block_id=880934001_357307446_8_0_0&sr_pri_blocks=880934001_357307446_8_0_0__18000&from=searchresults#hotelTmpl;https://www.booking.com/hotel/py/villa-san-nicolas-con-piscina.es.html?label=esrow-OtlvhU2CXhSVxek50Z_17wS410489931081%3Apl%3Ata%3Ap1%3Ap22.563.000%3Aac%3Aap%3Aneg%3Afi%3Atikwd-65526620%3Alp9069967%3Ali%3Adec%3Adm%3Appccp%3DUmFuZG9tSVYkc2RlIyh9YcUSe6BbHz0Ad_yDShFFSHQ&sid=7641fd823bc03f4920f0e88620434e97&aid=376374&ucfs=1&arphpl=1&checkin=2022-10-30&checkout=2022-10-31&group_adults=2&req_adults=2&no_rooms=2&group_children=2&req_children=2&age=5&req_age=5&age=9&req_age=9&hpos=16&hapos=16&sr_order=popularity&srpvid=8f8215ecf413008a&srepoch=1666753627&all_sr_blocks=837516601_349840620_10_0_0&highlighted_blocks=837516601_349840620_10_0_0&matching_block_id=837516601_349840620_10_0_0&sr_pri_blocks=837516601_349840620_10_0_0__11875&from=searchresults#hotelTmpl;https://www.booking.com/hotel/py/maison-familiale-de-aquavillage.es.html?label=esrow-OtlvhU2CXhSVxek50Z_17wS410489931081%3Apl%3Ata%3Ap1%3Ap22.563.000%3Aac%3Aap%3Aneg%3Afi%3Atikwd-65526620%3Alp9069967%3Ali%3Adec%3Adm%3Appccp%3DUmFuZG9tSVYkc2RlIyh9YcUSe6BbHz0Ad_yDShFFSHQ&sid=7641fd823bc03f4920f0e88620434e97&aid=376374&ucfs=1&arphpl=1&checkin=2022-10-30&checkout=2022-10-31&group_adults=2&req_adults=2&no_rooms=2&group_children=2&req_children=2&age=5&req_age=5&age=9&req_age=9&hpos=17&hapos=17&sr_order=popularity&srpvid=8f8215ecf413008a&srepoch=1666753627&all_sr_blocks=847066201_362712646_4_0_0&highlighted_blocks=847066201_362712646_4_0_0&matching_block_id=847066201_362712646_4_0_0&sr_pri_blocks=847066201_362712646_4_0_0__34200&from=searchresults#hotelTmpl;https://www.booking.com/hotel/py/sol-de-luque-aparthotel.es.html?label=esrow-OtlvhU2CXhSVxek50Z_17wS410489931081%3Apl%3Ata%3Ap1%3Ap22.563.000%3Aac%3Aap%3Aneg%3Afi%3Atikwd-65526620%3Alp9069967%3Ali%3Adec%3Adm%3Appccp%3DUmFuZG9tSVYkc2RlIyh9YcUSe6BbHz0Ad_yDShFFSHQ&sid=7641fd823bc03f4920f0e88620434e97&aid=376374&ucfs=1&arphpl=1&checkin=2022-10-30&checkout=2022-10-31&group_adults=2&req_adults=2&no_rooms=2&group_children=2&req_children=2&age=5&req_age=5&age=9&req_age=9&hpos=18&hapos=18&sr_order=popularity&srpvid=8f8215ecf413008a&srepoch=1666753627&all_sr_blocks=112090114_341337427_2_1_0%2C112090109_341337427_2_1_0&highlighted_blocks=112090114_341337427_2_1_0%2C112090109_341337427_2_1_0&matching_block_id=112090114_341337427_2_1_0&sr_pri_blocks=112090114_341337427_2_1_0__4400%2C112090109_341337427_2_1_0__4500&from=searchresults#hotelTmpl;https://www.booking.com/hotel/py/la-matilde-lodge-san-bernardino1.es.html?label=esrow-OtlvhU2CXhSVxek50Z_17wS410489931081%3Apl%3Ata%3Ap1%3Ap22.563.000%3Aac%3Aap%3Aneg%3Afi%3Atikwd-65526620%3Alp9069967%3Ali%3Adec%3Adm%3Appccp%3DUmFuZG9tSVYkc2RlIyh9YcUSe6BbHz0Ad_yDShFFSHQ&sid=7641fd823bc03f4920f0e88620434e97&aid=376374&ucfs=1&arphpl=1&checkin=2022-10-30&checkout=2022-10-31&group_adults=2&req_adults=2&no_rooms=2&group_children=2&req_children=2&age=5&req_age=5&age=9&req_age=9&hpos=19&hapos=19&sr_order=popularity&srpvid=8f8215ecf413008a&srepoch=1666753627&all_sr_blocks=886415702_360363509_4_1_0&highlighted_blocks=886415702_360363509_4_1_0&matching_block_id=886415702_360363509_4_1_0&sr_pri_blocks=886415702_360363509_4_1_0__10200&from_sustainable_property_sr=1&from=searchresults#hotelTmpl;https://www.booking.com/hotel/py/taguato-aeropuerto.es.html?label=esrow-OtlvhU2CXhSVxek50Z_17wS410489931081%3Apl%3Ata%3Ap1%3Ap22.563.000%3Aac%3Aap%3Aneg%3Afi%3Atikwd-65526620%3Alp9069967%3Ali%3Adec%3Adm%3Appccp%3DUmFuZG9tSVYkc2RlIyh9YcUSe6BbHz0Ad_yDShFFSHQ&sid=7641fd823bc03f4920f0e88620434e97&aid=376374&ucfs=1&arphpl=1&checkin=2022-10-30&checkout=2022-10-31&group_adults=2&req_adults=2&no_rooms=2&group_children=2&req_children=2&age=5&req_age=5&age=9&req_age=9&hpos=20&hapos=20&sr_order=popularity&srpvid=8f8215ecf413008a&srepoch=1666753627&all_sr_blocks=888424403_358652463_2_0_0%2C888424401_358652463_2_0_0&highlighted_blocks=888424403_358652463_2_0_0%2C888424401_358652463_2_0_0&matching_block_id=888424403_358652463_2_0_0&sr_pri_blocks=888424403_358652463_2_0_0__3150%2C888424401_358652463_2_0_0__3600&from_sustainable_property_sr=1&from=searchresults#hotelTmpl;https://www.booking.com/hotel/py/canarias.es.html?label=esrow-OtlvhU2CXhSVxek50Z_17wS410489931081%3Apl%3Ata%3Ap1%3Ap22.563.000%3Aac%3Aap%3Aneg%3Afi%3Atikwd-65526620%3Alp9069967%3Ali%3Adec%3Adm%3Appccp%3DUmFuZG9tSVYkc2RlIyh9YcUSe6BbHz0Ad_yDShFFSHQ&sid=7641fd823bc03f4920f0e88620434e97&aid=376374&ucfs=1&arphpl=1&checkin=2022-10-30&checkout=2022-10-31&group_adults=2&req_adults=2&no_rooms=2&group_children=2&req_children=2&age=5&req_age=5&age=9&req_age=9&hpos=21&hapos=21&sr_order=popularity&srpvid=8f8215ecf413008a&srepoch=1666753627&all_sr_blocks=147123807_336226050_2_1_0%2C147123807_336226050_2_1_0&highlighted_blocks=147123807_336226050_2_1_0%2C147123807_336226050_2_1_0&matching_block_id=147123807_336226050_2_1_0&sr_pri_blocks=147123807_336226050_2_1_0__3500%2C147123807_336226050_2_1_0__3500&from=searchresults#hotelTmpl;https://www.booking.com/hotel/py/canarias-depto.es.html?label=esrow-OtlvhU2CXhSVxek50Z_17wS410489931081%3Apl%3Ata%3Ap1%3Ap22.563.000%3Aac%3Aap%3Aneg%3Afi%3Atikwd-65526620%3Alp9069967%3Ali%3Adec%3Adm%3Appccp%3DUmFuZG9tSVYkc2RlIyh9YcUSe6BbHz0Ad_yDShFFSHQ&sid=7641fd823bc03f4920f0e88620434e97&aid=376374&ucfs=1&arphpl=1&checkin=2022-10-30&checkout=2022-10-31&group_adults=2&req_adults=2&no_rooms=2&group_children=2&req_children=2&age=5&req_age=5&age=9&req_age=9&hpos=22&hapos=22&sr_order=popularity&srpvid=8f8215ecf413008a&srepoch=1666753627&all_sr_blocks=889264001_358937672_4_42_0&highlighted_blocks=889264001_358937672_4_42_0&matching_block_id=889264001_358937672_4_42_0&sr_pri_blocks=889264001_358937672_4_42_0__3780&from_sustainable_property_sr=1&from=searchresults#hotelTmpl;https://www.booking.com/hotel/py/casa-en-san-ber-urbanizacion-piro-y.es.html?label=esrow-OtlvhU2CXhSVxek50Z_17wS410489931081%3Apl%3Ata%3Ap1%3Ap22.563.000%3Aac%3Aap%3Aneg%3Afi%3Atikwd-65526620%3Alp9069967%3Ali%3Adec%3Adm%3Appccp%3DUmFuZG9tSVYkc2RlIyh9YcUSe6BbHz0Ad_yDShFFSHQ&sid=7641fd823bc03f4920f0e88620434e97&aid=376374&ucfs=1&arphpl=1&checkin=2022-10-30&checkout=2022-10-31&group_adults=2&req_adults=2&no_rooms=2&group_children=2&req_children=2&age=5&req_age=5&age=9&req_age=9&hpos=23&hapos=23&sr_order=popularity&srpvid=8f8215ecf413008a&srepoch=1666753627&all_sr_blocks=876200701_356558940_6_0_0&highlighted_blocks=876200701_356558940_6_0_0&matching_block_id=876200701_356558940_6_0_0&sr_pri_blocks=876200701_356558940_6_0_0__10000&from=searchresults#hotelTmpl;https://www.booking.com/hotel/py/quinta-triple-a.es.html?label=esrow-OtlvhU2CXhSVxek50Z_17wS410489931081%3Apl%3Ata%3Ap1%3Ap22.563.000%3Aac%3Aap%3Aneg%3Afi%3Atikwd-65526620%3Alp9069967%3Ali%3Adec%3Adm%3Appccp%3DUmFuZG9tSVYkc2RlIyh9YcUSe6BbHz0Ad_yDShFFSHQ&sid=7641fd823bc03f4920f0e88620434e97&aid=376374&ucfs=1&arphpl=1&checkin=2022-10-30&checkout=2022-10-31&group_adults=2&req_adults=2&no_rooms=2&group_children=2&req_children=2&age=5&req_age=5&age=9&req_age=9&hpos=24&hapos=24&sr_order=popularity&srpvid=8f8215ecf413008a&srepoch=1666753627&all_sr_blocks=908552601_362052028_4_0_0&highlighted_blocks=908552601_362052028_4_0_0&matching_block_id=908552601_362052028_4_0_0&sr_pri_blocks=908552601_362052028_4_0_0__4000&from=searchresults#hotelTmpl;https://www.booking.com/hotel/py/tiny-houses-en-asuncion-zona-aeropuerto-rakiura.es.html?label=esrow-OtlvhU2CXhSVxek50Z_17wS410489931081%3Apl%3Ata%3Ap1%3Ap22.563.000%3Aac%3Aap%3Aneg%3Afi%3Atikwd-65526620%3Alp9069967%3Ali%3Adec%3Adm%3Appccp%3DUmFuZG9tSVYkc2RlIyh9YcUSe6BbHz0Ad_yDShFFSHQ&sid=7641fd823bc03f4920f0e88620434e97&aid=376374&ucfs=1&arphpl=1&checkin=2022-10-30&checkout=2022-10-31&group_adults=2&req_adults=2&no_rooms=2&group_children=2&req_children=2&age=5&req_age=5&age=9&req_age=9&hpos=25&hapos=25&sr_order=popularity&srpvid=8f8215ecf413008a&srepoch=1666753627&all_sr_blocks=898292301_361382901_2_0_0%2C898292301_361382901_2_0_0&highlighted_blocks=898292301_361382901_2_0_0%2C898292301_361382901_2_0_0&matching_block_id=898292301_361382901_2_0_0&sr_pri_blocks=898292301_361382901_2_0_0__2700%2C898292301_361382901_2_0_0__2700&from=searchresults#hotelTmpl
0;1;2;3;4;5;6;7;8;9;10;11;12;13;14;15;16;17;18;19;20;21;22;23;24
Vacaciones Aregua CASA VANESSA;Hotel La Aparesida;Vacaciones Aregua (Casa Pablo);Amplia casa para vos y tu familia;Los Prados Sanber;Casa Del Val- Villa Maria;San Bernardino - La Casa del Cerro - Hotel Boutique;Gardenia...tu experiencia con la naturaleza;Olimpo Hotel & Suites;Oasis-Dream;Casa completa en condominio Gracia 1;Los Lagos Resort Hotel;Sueño Luqueño;Tava Cerro;Yellow Palace;Villa San Nicolás con piscina;Maison familiale de Aquavillage;Sol de Luque Casa-hotel;La Matilde Lodge;Hospedaje Aeropuerto;Canarias Bed & Breakfast;Canarias depto;Casa en San ber - Urbanización Piro'y;Quinta Triple A;Tiny Houses en Asunción. Zona Aeropuerto-Rakiura
9,6;7,3;9,4;;8,7;9,5;9,5;;7,9;8,3;8,4;8,2;9,7;8,8;;5,0;;8,3;9,1;9,2;7,7;9,3;;;9,4
;;;;;;;;4;;;;;;;;;;;;;;;;
;;;;;;;;;;;;;;;;;;;;;;;;
Areguá;Areguá;Areguá;Itauguá;San Bernardino;San Bernardino;San Bernardino;Ypacarai;Itauguá;San Bernardino;Luque;Capiatá;Luque;San Bernardino;San Bernardino;San Bernardino;Altos;Luque;San Bernardino;Luque;San Lorenzo;San Lorenzo;Ypacarai;Luque;Zarate Isla
[-25.3129299, -57.3846579];[-25.3129299, -57.3846579];[-25.3129299, -57.3846579];[-25.3947318, -57.3532892];[34.8253019, -116.0833144];[34.8253019, -116.0833144];[34.8253019, -116.0833144];[-25.4046805, -57.2857757];[-25.3947318, -57.3532892];[34.8253019, -116.0833144];[-25.2665417, -57.4926928];[-25.3548171, -57.4427315];[-25.2665417, -57.4926928];[34.8253019, -116.0833144];[34.8253019, -116.0833144];[34.8253019, -116.0833144];[-5.0393915, -42.4611694];[-25.2665417, -57.4926928];[34.8253019, -116.0833144];[-25.2665417, -57.4926928];[42.3832108, 9.287966];[42.3832108, 9.287966];[-25.4046805, -57.2857757];[-25.2665417, -57.4926928];[-25.2339296, -57.5076482]
10-20-2022;10-20-2022;10-20-2022;10-20-2022;10-20-2022;10-20-2022;10-20-2022;10-20-2022;10-20-2022;10-20-2022;10-20-2022;10-20-2022;10-20-2022;10-20-2022;10-20-2022;10-20-2022;10-20-2022;10-20-2022;10-20-2022;10-20-2022;10-20-2022;10-20-2022;10-20-2022;10-20-2022;10-20-2022
10-30-2022;10-30-2022;10-30-2022;10-30-2022;10-30-2022;10-30-2022;10-30-2022;10-30-2022;10-30-2022;10-30-2022;10-30-2022;10-30-2022;10-30-2022;10-30-2022;10-30-2022;10-30-2022;10-30-2022;10-30-2022;10-30-2022;10-30-2022;10-30-2022;10-30-2022;10-30-2022;10-30-2022;10-30-2022
2;2;2;2;2;2;2;2;2;2;2;2;2;2;2;2;2;2;2;2;2;2;2;2;2
2;2;2;2;2;2;2;2;2;2;2;2;2;2;2;2;2;2;2;2;2;2;2;2;2
2;2;2;2;2;2;2;2;2;2;2;2;2;2;2;2;2;2;2;2;2;2;2;2;2
https://www.booking.com/hotel/py/vacaciones-aregua-casa-vanessa.es.html?label=esrow-OtlvhU2CXhSVxek50Z_17wS410489931081%3Apl%3Ata%3Ap1%3Ap22.563.000%3Aac%3Aap%3Aneg%3Afi%3Atikwd-65526620%3Alp9069967%3Ali%3Adec%3Adm%3Appccp%3DUmFuZG9tSVYkc2RlIyh9YcUSe6BbHz0Ad_yDShFFSHQ&sid=7641fd823bc03f4920f0e88620434e97&aid=376374&ucfs=1&arphpl=1&checkin=2022-10-30&checkout=2022-10-31&group_adults=2&req_adults=2&no_rooms=2&group_children=2&req_children=2&age=5&req_age=5&age=9&req_age=9&hpos=1&hapos=1&sr_order=popularity&srpvid=8f8215ecf413008a&srepoch=1666753627&all_sr_blocks=617521601_275834171_6_0_0&highlighted_blocks=617521601_275834171_6_0_0&matching_block_id=617521601_275834171_6_0_0&sr_pri_blocks=617521601_275834171_6_0_0__8000&from=searchresults#hotelTmpl;https://www.booking.com/hotel/py/la-aparecida.es.html?label=esrow-OtlvhU2CXhSVxek50Z_17wS410489931081%3Apl%3Ata%3Ap1%3Ap22.563.000%3Aac%3Aap%3Aneg%3Afi%3Atikwd-65526620%3Alp9069967%3Ali%3Adec%3Adm%3Appccp%3DUmFuZG9tSVYkc2RlIyh9YcUSe6BbHz0Ad_yDShFFSHQ&sid=7641fd823bc03f4920f0e88620434e97&aid=376374&ucfs=1&arphpl=1&checkin=2022-10-30&checkout=2022-10-31&group_adults=2&req_adults=2&no_rooms=2&group_children=2&req_children=2&age=5&req_age=5&age=9&req_age=9&hpos=2&hapos=2&sr_order=popularity&srpvid=8f8215ecf413008a&srepoch=1666753627&all_sr_blocks=873417901_356160257_2_1_0%2C873417901_356160257_2_1_0&highlighted_blocks=873417901_356160257_2_1_0%2C873417901_356160257_2_1_0&matching_block_id=873417901_356160257_2_1_0&sr_pri_blocks=873417901_356160257_2_1_0__3870%2C873417901_356160257_2_1_0__3870&from_sustainable_property_sr=1&from=searchresults#hotelTmpl;https://www.booking.com/hotel/py/vacaciones-aregua-casa-pablo.es.html?label=esrow-OtlvhU2CXhSVxek50Z_17wS410489931081%3Apl%3Ata%3Ap1%3Ap22.563.000%3Aac%3Aap%3Aneg%3Afi%3Atikwd-65526620%3Alp9069967%3Ali%3Adec%3Adm%3Appccp%3DUmFuZG9tSVYkc2RlIyh9YcUSe6BbHz0Ad_yDShFFSHQ&sid=7641fd823bc03f4920f0e88620434e97&aid=376374&ucfs=1&arphpl=1&checkin=2022-10-30&checkout=2022-10-31&group_adults=2&req_adults=2&no_rooms=2&group_children=2&req_children=2&age=5&req_age=5&age=9&req_age=9&hpos=3&hapos=3&sr_order=popularity&srpvid=8f8215ecf413008a&srepoch=1666753627&all_sr_blocks=540270601_275834181_5_0_0&highlighted_blocks=540270601_275834181_5_0_0&matching_block_id=540270601_275834181_5_0_0&sr_pri_blocks=540270601_275834181_5_0_0__7000&from=searchresults#hotelTmpl;https://www.booking.com/hotel/py/amplia-casa-para-vos-y-tu-familia.es.html?label=esrow-OtlvhU2CXhSVxek50Z_17wS410489931081%3Apl%3Ata%3Ap1%3Ap22.563.000%3Aac%3Aap%3Aneg%3Afi%3Atikwd-65526620%3Alp9069967%3Ali%3Adec%3Adm%3Appccp%3DUmFuZG9tSVYkc2RlIyh9YcUSe6BbHz0Ad_yDShFFSHQ&sid=7641fd823bc03f4920f0e88620434e97&aid=376374&ucfs=1&arphpl=1&checkin=2022-10-30&checkout=2022-10-31&group_adults=2&req_adults=2&no_rooms=2&group_children=2&req_children=2&age=5&req_age=5&age=9&req_age=9&hpos=4&hapos=4&sr_order=popularity&srpvid=8f8215ecf413008a&srepoch=1666753627&all_sr_blocks=915002901_362916054_4_0_0&highlighted_blocks=915002901_362916054_4_0_0&matching_block_id=915002901_362916054_4_0_0&sr_pri_blocks=915002901_362916054_4_0_0__5760&from=searchresults#hotelTmpl;https://www.booking.com/hotel/py/los-prados-sanber.es.html?label=esrow-OtlvhU2CXhSVxek50Z_17wS410489931081%3Apl%3Ata%3Ap1%3Ap22.563.000%3Aac%3Aap%3Aneg%3Afi%3Atikwd-65526620%3Alp9069967%3Ali%3Adec%3Adm%3Appccp%3DUmFuZG9tSVYkc2RlIyh9YcUSe6BbHz0Ad_yDShFFSHQ&sid=7641fd823bc03f4920f0e88620434e97&aid=376374&ucfs=1&arphpl=1&checkin=2022-10-30&checkout=2022-10-31&group_adults=2&req_adults=2&no_rooms=2&group_children=2&req_children=2&age=5&req_age=5&age=9&req_age=9&hpos=5&hapos=5&sr_order=popularity&srpvid=8f8215ecf413008a&srepoch=1666753627&all_sr_blocks=815264101_357052691_3_0_0&highlighted_blocks=815264101_357052691_3_0_0&matching_block_id=815264101_357052691_3_0_0&sr_pri_blocks=815264101_357052691_3_0_0__7650&from_sustainable_property_sr=1&from=searchresults#hotelTmpl;https://www.booking.com/hotel/py/villa-maria.es.html?label=esrow-OtlvhU2CXhSVxek50Z_17wS410489931081%3Apl%3Ata%3Ap1%3Ap22.563.000%3Aac%3Aap%3Aneg%3Afi%3Atikwd-65526620%3Alp9069967%3Ali%3Adec%3Adm%3Appccp%3DUmFuZG9tSVYkc2RlIyh9YcUSe6BbHz0Ad_yDShFFSHQ&sid=7641fd823bc03f4920f0e88620434e97&aid=376374&ucfs=1&arphpl=1&checkin=2022-10-30&checkout=2022-10-31&group_adults=2&req_adults=2&no_rooms=2&group_children=2&req_children=2&age=5&req_age=5&age=9&req_age=9&hpos=6&hapos=6&sr_order=popularity&srpvid=8f8215ecf413008a&srepoch=1666753627&all_sr_blocks=694555302_342267611_2_1_0%2C694555307_342267611_2_1_0&highlighted_blocks=694555302_342267611_2_1_0%2C694555307_342267611_2_1_0&matching_block_id=694555302_342267611_2_1_0&sr_pri_blocks=694555302_342267611_2_1_0__15000%2C694555307_342267611_2_1_0__17000&from=searchresults#hotelTmpl;https://www.booking.com/hotel/py/san-bernardino-8-apartamentos-boutique-techno.es.html?label=esrow-OtlvhU2CXhSVxek50Z_17wS410489931081%3Apl%3Ata%3Ap1%3Ap22.563.000%3Aac%3Aap%3Aneg%3Afi%3Atikwd-65526620%3Alp9069967%3Ali%3Adec%3Adm%3Appccp%3DUmFuZG9tSVYkc2RlIyh9YcUSe6BbHz0Ad_yDShFFSHQ&sid=7641fd823bc03f4920f0e88620434e97&aid=376374&ucfs=1&arphpl=1&checkin=2022-10-30&checkout=2022-10-31&group_adults=2&req_adults=2&no_rooms=2&group_children=2&req_children=2&age=5&req_age=5&age=9&req_age=9&hpos=7&hapos=7&sr_order=popularity&srpvid=8f8215ecf413008a&srepoch=1666753627&all_sr_blocks=791442502_360945431_4_0_0&highlighted_blocks=791442502_360945431_4_0_0&matching_block_id=791442502_360945431_4_0_0&sr_pri_blocks=791442502_360945431_4_0_0__13500&from=searchresults#hotelTmpl;https://www.booking.com/hotel/py/gardenia-tu-experiencia-con-la-naturaleza.es.html?label=esrow-OtlvhU2CXhSVxek50Z_17wS410489931081%3Apl%3Ata%3Ap1%3Ap22.563.000%3Aac%3Aap%3Aneg%3Afi%3Atikwd-65526620%3Alp9069967%3Ali%3Adec%3Adm%3Appccp%3DUmFuZG9tSVYkc2RlIyh9YcUSe6BbHz0Ad_yDShFFSHQ&sid=7641fd823bc03f4920f0e88620434e97&aid=376374&ucfs=1&arphpl=1&checkin=2022-10-30&checkout=2022-10-31&group_adults=2&req_adults=2&no_rooms=2&group_children=2&req_children=2&age=5&req_age=5&age=9&req_age=9&hpos=8&hapos=8&sr_order=popularity&srpvid=8f8215ecf413008a&srepoch=1666753627&all_sr_blocks=892177101_359481624_4_0_0&highlighted_blocks=892177101_359481624_4_0_0&matching_block_id=892177101_359481624_4_0_0&sr_pri_blocks=892177101_359481624_4_0_0__7000&from=searchresults#hotelTmpl;https://www.booking.com/hotel/py/olimpo.es.html?label=esrow-OtlvhU2CXhSVxek50Z_17wS410489931081%3Apl%3Ata%3Ap1%3Ap22.563.000%3Aac%3Aap%3Aneg%3Afi%3Atikwd-65526620%3Alp9069967%3Ali%3Adec%3Adm%3Appccp%3DUmFuZG9tSVYkc2RlIyh9YcUSe6BbHz0Ad_yDShFFSHQ&sid=7641fd823bc03f4920f0e88620434e97&aid=376374&ucfs=1&arphpl=1&checkin=2022-10-30&checkout=2022-10-31&group_adults=2&req_adults=2&no_rooms=2&group_children=2&req_children=2&age=5&req_age=5&age=9&req_age=9&hpos=9&hapos=9&sr_order=popularity&srpvid=8f8215ecf413008a&srepoch=1666753627&all_sr_blocks=34065501_226089881_2_1_0%2C34065501_226089881_2_1_0&highlighted_blocks=34065501_226089881_2_1_0%2C34065501_226089881_2_1_0&matching_block_id=34065501_226089881_2_1_0&sr_pri_blocks=34065501_226089881_2_1_0__7500%2C34065501_226089881_2_1_0__7500&from=searchresults#hotelTmpl;https://www.booking.com/hotel/py/oasis-dream.es.html?label=esrow-OtlvhU2CXhSVxek50Z_17wS410489931081%3Apl%3Ata%3Ap1%3Ap22.563.000%3Aac%3Aap%3Aneg%3Afi%3Atikwd-65526620%3Alp9069967%3Ali%3Adec%3Adm%3Appccp%3DUmFuZG9tSVYkc2RlIyh9YcUSe6BbHz0Ad_yDShFFSHQ&sid=7641fd823bc03f4920f0e88620434e97&aid=376374&ucfs=1&arphpl=1&checkin=2022-10-30&checkout=2022-10-31&group_adults=2&req_adults=2&no_rooms=2&group_children=2&req_children=2&age=5&req_age=5&age=9&req_age=9&hpos=10&hapos=10&sr_order=popularity&srpvid=8f8215ecf413008a&srepoch=1666753627&all_sr_blocks=831001701_350797947_2_2_0%2C831001701_350797947_2_2_0&highlighted_blocks=831001701_350797947_2_2_0%2C831001701_350797947_2_2_0&matching_block_id=831001701_350797947_2_2_0&sr_pri_blocks=831001701_350797947_2_2_0__6000%2C831001701_350797947_2_2_0__6000&from=searchresults#hotelTmpl;https://www.booking.com/hotel/py/casa-completa-con-2-dormitorios.es.html?label=esrow-OtlvhU2CXhSVxek50Z_17wS410489931081%3Apl%3Ata%3Ap1%3Ap22.563.000%3Aac%3Aap%3Aneg%3Afi%3Atikwd-65526620%3Alp9069967%3Ali%3Adec%3Adm%3Appccp%3DUmFuZG9tSVYkc2RlIyh9YcUSe6BbHz0Ad_yDShFFSHQ&sid=7641fd823bc03f4920f0e88620434e97&aid=376374&ucfs=1&arphpl=1&checkin=2022-10-30&checkout=2022-10-31&group_adults=2&req_adults=2&no_rooms=2&group_children=2&req_children=2&age=5&req_age=5&age=9&req_age=9&hpos=11&hapos=11&sr_order=popularity&srpvid=8f8215ecf413008a&srepoch=1666753627&all_sr_blocks=812034201_343474562_5_0_0&highlighted_blocks=812034201_343474562_5_0_0&matching_block_id=812034201_343474562_5_0_0&sr_pri_blocks=812034201_343474562_5_0_0__3465&from=searchresults#hotelTmpl;https://www.booking.com/hotel/py/los-lagos-resort.es.html?label=esrow-OtlvhU2CXhSVxek50Z_17wS410489931081%3Apl%3Ata%3Ap1%3Ap22.563.000%3Aac%3Aap%3Aneg%3Afi%3Atikwd-65526620%3Alp9069967%3Ali%3Adec%3Adm%3Appccp%3DUmFuZG9tSVYkc2RlIyh9YcUSe6BbHz0Ad_yDShFFSHQ&sid=7641fd823bc03f4920f0e88620434e97&aid=376374&ucfs=1&arphpl=1&checkin=2022-10-30&checkout=2022-10-31&group_adults=2&req_adults=2&no_rooms=2&group_children=2&req_children=2&age=5&req_age=5&age=9&req_age=9&hpos=12&hapos=12&sr_order=popularity&srpvid=8f8215ecf413008a&srepoch=1666753627&all_sr_blocks=253528404_337877578_0_1_0%2C253528404_337877578_0_1_0&highlighted_blocks=253528404_337877578_0_1_0%2C253528404_337877578_0_1_0&matching_block_id=253528404_337877578_0_1_0&sr_pri_blocks=253528404_337877578_0_1_0__6098%2C253528404_337877578_0_1_0__6098&from_sustainable_property_sr=1&from=searchresults#hotelTmpl;https://www.booking.com/hotel/py/sueno-luqueno.es.html?label=esrow-OtlvhU2CXhSVxek50Z_17wS410489931081%3Apl%3Ata%3Ap1%3Ap22.563.000%3Aac%3Aap%3Aneg%3Afi%3Atikwd-65526620%3Alp9069967%3Ali%3Adec%3Adm%3Appccp%3DUmFuZG9tSVYkc2RlIyh9YcUSe6BbHz0Ad_yDShFFSHQ&sid=7641fd823bc03f4920f0e88620434e97&aid=376374&ucfs=1&arphpl=1&checkin=2022-10-30&checkout=2022-10-31&group_adults=2&req_adults=2&no_rooms=2&group_children=2&req_children=2&age=5&req_age=5&age=9&req_age=9&hpos=13&hapos=13&sr_order=popularity&srpvid=8f8215ecf413008a&srepoch=1666753627&all_sr_blocks=816322301_345857448_4_0_0&highlighted_blocks=816322301_345857448_4_0_0&matching_block_id=816322301_345857448_4_0_0&sr_pri_blocks=816322301_345857448_4_0_0__6577&from_sustainable_property_sr=1&from=searchresults#hotelTmpl;https://www.booking.com/hotel/py/tava-glamping-cerro.es.html?label=esrow-OtlvhU2CXhSVxek50Z_17wS410489931081%3Apl%3Ata%3Ap1%3Ap22.563.000%3Aac%3Aap%3Aneg%3Afi%3Atikwd-65526620%3Alp9069967%3Ali%3Adec%3Adm%3Appccp%3DUmFuZG9tSVYkc2RlIyh9YcUSe6BbHz0Ad_yDShFFSHQ&sid=7641fd823bc03f4920f0e88620434e97&aid=376374&ucfs=1&arphpl=1&checkin=2022-10-30&checkout=2022-10-31&group_adults=2&req_adults=2&no_rooms=2&group_children=2&req_children=2&age=5&req_age=5&age=9&req_age=9&hpos=14&hapos=14&sr_order=popularity&srpvid=8f8215ecf413008a&srepoch=1666753627&all_sr_blocks=442728703_329613539_2_1_0%2C442728701_349342656_2_1_0&highlighted_blocks=442728703_329613539_2_1_0%2C442728701_349342656_2_1_0&matching_block_id=442728703_329613539_2_1_0&sr_pri_blocks=442728703_329613539_2_1_0__12500%2C442728701_349342656_2_1_0__15277&from=searchresults#hotelTmpl;https://www.booking.com/hotel/py/yellow-palace.es.html?label=esrow-OtlvhU2CXhSVxek50Z_17wS410489931081%3Apl%3Ata%3Ap1%3Ap22.563.000%3Aac%3Aap%3Aneg%3Afi%3Atikwd-65526620%3Alp9069967%3Ali%3Adec%3Adm%3Appccp%3DUmFuZG9tSVYkc2RlIyh9YcUSe6BbHz0Ad_yDShFFSHQ&sid=7641fd823bc03f4920f0e88620434e97&aid=376374&ucfs=1&arphpl=1&checkin=2022-10-30&checkout=2022-10-31&group_adults=2&req_adults=2&no_rooms=2&group_children=2&req_children=2&age=5&req_age=5&age=9&req_age=9&hpos=15&hapos=15&sr_order=popularity&srpvid=8f8215ecf413008a&srepoch=1666753627&all_sr_blocks=880934001_357307446_8_0_0&highlighted_blocks=880934001_357307446_8_0_0&matching_block_id=880934001_357307446_8_0_0&sr_pri_blocks=880934001_357307446_8_0_0__18000&from=searchresults#hotelTmpl;https://www.booking.com/hotel/py/villa-san-nicolas-con-piscina.es.html?label=esrow-OtlvhU2CXhSVxek50Z_17wS410489931081%3Apl%3Ata%3Ap1%3Ap22.563.000%3Aac%3Aap%3Aneg%3Afi%3Atikwd-65526620%3Alp9069967%3Ali%3Adec%3Adm%3Appccp%3DUmFuZG9tSVYkc2RlIyh9YcUSe6BbHz0Ad_yDShFFSHQ&sid=7641fd823bc03f4920f0e88620434e97&aid=376374&ucfs=1&arphpl=1&checkin=2022-10-30&checkout=2022-10-31&group_adults=2&req_adults=2&no_rooms=2&group_children=2&req_children=2&age=5&req_age=5&age=9&req_age=9&hpos=16&hapos=16&sr_order=popularity&srpvid=8f8215ecf413008a&srepoch=1666753627&all_sr_blocks=837516601_349840620_10_0_0&highlighted_blocks=837516601_349840620_10_0_0&matching_block_id=837516601_349840620_10_0_0&sr_pri_blocks=837516601_349840620_10_0_0__11875&from=searchresults#hotelTmpl;https://www.booking.com/hotel/py/maison-familiale-de-aquavillage.es.html?label=esrow-OtlvhU2CXhSVxek50Z_17wS410489931081%3Apl%3Ata%3Ap1%3Ap22.563.000%3Aac%3Aap%3Aneg%3Afi%3Atikwd-65526620%3Alp9069967%3Ali%3Adec%3Adm%3Appccp%3DUmFuZG9tSVYkc2RlIyh9YcUSe6BbHz0Ad_yDShFFSHQ&sid=7641fd823bc03f4920f0e88620434e97&aid=376374&ucfs=1&arphpl=1&checkin=2022-10-30&checkout=2022-10-31&group_adults=2&req_adults=2&no_rooms=2&group_children=2&req_children=2&age=5&req_age=5&age=9&req_age=9&hpos=17&hapos=17&sr_order=popularity&srpvid=8f8215ecf413008a&srepoch=1666753627&all_sr_blocks=847066201_362712646_4_0_0&highlighted_blocks=847066201_362712646_4_0_0&matching_block_id=847066201_362712646_4_0_0&sr_pri_blocks=847066201_362712646_4_0_0__34200&from=searchresults#hotelTmpl;https://www.booking.com/hotel/py/sol-de-luque-aparthotel.es.html?label=esrow-OtlvhU2CXhSVxek50Z_17wS410489931081%3Apl%3Ata%3Ap1%3Ap22.563.000%3Aac%3Aap%3Aneg%3Afi%3Atikwd-65526620%3Alp9069967%3Ali%3Adec%3Adm%3Appccp%3DUmFuZG9tSVYkc2RlIyh9YcUSe6BbHz0Ad_yDShFFSHQ&sid=7641fd823bc03f4920f0e88620434e97&aid=376374&ucfs=1&arphpl=1&checkin=2022-10-30&checkout=2022-10-31&group_adults=2&req_adults=2&no_rooms=2&group_children=2&req_children=2&age=5&req_age=5&age=9&req_age=9&hpos=18&hapos=18&sr_order=popularity&srpvid=8f8215ecf413008a&srepoch=1666753627&all_sr_blocks=112090114_341337427_2_1_0%2C112090109_341337427_2_1_0&highlighted_blocks=112090114_341337427_2_1_0%2C112090109_341337427_2_1_0&matching_block_id=112090114_341337427_2_1_0&sr_pri_blocks=112090114_341337427_2_1_0__4400%2C112090109_341337427_2_1_0__4500&from=searchresults#hotelTmpl;https://www.booking.com/hotel/py/la-matilde-lodge-san-bernardino1.es.html?label=esrow-OtlvhU2CXhSVxek50Z_17wS410489931081%3Apl%3Ata%3Ap1%3Ap22.563.000%3Aac%3Aap%3Aneg%3Afi%3Atikwd-65526620%3Alp9069967%3Ali%3Adec%3Adm%3Appccp%3DUmFuZG9tSVYkc2RlIyh9YcUSe6BbHz0Ad_yDShFFSHQ&sid=7641fd823bc03f4920f0e88620434e97&aid=376374&ucfs=1&arphpl=1&checkin=2022-10-30&checkout=2022-10-31&group_adults=2&req_adults=2&no_rooms=2&group_children=2&req_children=2&age=5&req_age=5&age=9&req_age=9&hpos=19&hapos=19&sr_order=popularity&srpvid=8f8215ecf413008a&srepoch=1666753627&all_sr_blocks=886415702_360363509_4_1_0&highlighted_blocks=886415702_360363509_4_1_0&matching_block_id=886415702_360363509_4_1_0&sr_pri_blocks=886415702_360363509_4_1_0__10200&from_sustainable_property_sr=1&from=searchresults#hotelTmpl;https://www.booking.com/hotel/py/taguato-aeropuerto.es.html?label=esrow-OtlvhU2CXhSVxek50Z_17wS410489931081%3Apl%3Ata%3Ap1%3Ap22.563.000%3Aac%3Aap%3Aneg%3Afi%3Atikwd-65526620%3Alp9069967%3Ali%3Adec%3Adm%3Appccp%3DUmFuZG9tSVYkc2RlIyh9YcUSe6BbHz0Ad_yDShFFSHQ&sid=7641fd823bc03f4920f0e88620434e97&aid=376374&ucfs=1&arphpl=1&checkin=2022-10-30&checkout=2022-10-31&group_adults=2&req_adults=2&no_rooms=2&group_children=2&req_children=2&age=5&req_age=5&age=9&req_age=9&hpos=20&hapos=20&sr_order=popularity&srpvid=8f8215ecf413008a&srepoch=1666753627&all_sr_blocks=888424403_358652463_2_0_0%2C888424401_358652463_2_0_0&highlighted_blocks=888424403_358652463_2_0_0%2C888424401_358652463_2_0_0&matching_block_id=888424403_358652463_2_0_0&sr_pri_blocks=888424403_358652463_2_0_0__3150%2C888424401_358652463_2_0_0__3600&from_sustainable_property_sr=1&from=searchresults#hotelTmpl;https://www.booking.com/hotel/py/canarias.es.html?label=esrow-OtlvhU2CXhSVxek50Z_17wS410489931081%3Apl%3Ata%3Ap1%3Ap22.563.000%3Aac%3Aap%3Aneg%3Afi%3Atikwd-65526620%3Alp9069967%3Ali%3Adec%3Adm%3Appccp%3DUmFuZG9tSVYkc2RlIyh9YcUSe6BbHz0Ad_yDShFFSHQ&sid=7641fd823bc03f4920f0e88620434e97&aid=376374&ucfs=1&arphpl=1&checkin=2022-10-30&checkout=2022-10-31&group_adults=2&req_adults=2&no_rooms=2&group_children=2&req_children=2&age=5&req_age=5&age=9&req_age=9&hpos=21&hapos=21&sr_order=popularity&srpvid=8f8215ecf413008a&srepoch=1666753627&all_sr_blocks=147123807_336226050_2_1_0%2C147123807_336226050_2_1_0&highlighted_blocks=147123807_336226050_2_1_0%2C147123807_336226050_2_1_0&matching_block_id=147123807_336226050_2_1_0&sr_pri_blocks=147123807_336226050_2_1_0__3500%2C147123807_336226050_2_1_0__3500&from=searchresults#hotelTmpl;https://www.booking.com/hotel/py/canarias-depto.es.html?label=esrow-OtlvhU2CXhSVxek50Z_17wS410489931081%3Apl%3Ata%3Ap1%3Ap22.563.000%3Aac%3Aap%3Aneg%3Afi%3Atikwd-65526620%3Alp9069967%3Ali%3Adec%3Adm%3Appccp%3DUmFuZG9tSVYkc2RlIyh9YcUSe6BbHz0Ad_yDShFFSHQ&sid=7641fd823bc03f4920f0e88620434e97&aid=376374&ucfs=1&arphpl=1&checkin=2022-10-30&checkout=2022-10-31&group_adults=2&req_adults=2&no_rooms=2&group_children=2&req_children=2&age=5&req_age=5&age=9&req_age=9&hpos=22&hapos=22&sr_order=popularity&srpvid=8f8215ecf413008a&srepoch=1666753627&all_sr_blocks=889264001_358937672_4_42_0&highlighted_blocks=889264001_358937672_4_42_0&matching_block_id=889264001_358937672_4_42_0&sr_pri_blocks=889264001_358937672_4_42_0__3780&from_sustainable_property_sr=1&from=searchresults#hotelTmpl;https://www.booking.com/hotel/py/casa-en-san-ber-urbanizacion-piro-y.es.html?label=esrow-OtlvhU2CXhSVxek50Z_17wS410489931081%3Apl%3Ata%3Ap1%3Ap22.563.000%3Aac%3Aap%3Aneg%3Afi%3Atikwd-65526620%3Alp9069967%3Ali%3Adec%3Adm%3Appccp%3DUmFuZG9tSVYkc2RlIyh9YcUSe6BbHz0Ad_yDShFFSHQ&sid=7641fd823bc03f4920f0e88620434e97&aid=376374&ucfs=1&arphpl=1&checkin=2022-10-30&checkout=2022-10-31&group_adults=2&req_adults=2&no_rooms=2&group_children=2&req_children=2&age=5&req_age=5&age=9&req_age=9&hpos=23&hapos=23&sr_order=popularity&srpvid=8f8215ecf413008a&srepoch=1666753627&all_sr_blocks=876200701_356558940_6_0_0&highlighted_blocks=876200701_356558940_6_0_0&matching_block_id=876200701_356558940_6_0_0&sr_pri_blocks=876200701_356558940_6_0_0__10000&from=searchresults#hotelTmpl;https://www.booking.com/hotel/py/quinta-triple-a.es.html?label=esrow-OtlvhU2CXhSVxek50Z_17wS410489931081%3Apl%3Ata%3Ap1%3Ap22.563.000%3Aac%3Aap%3Aneg%3Afi%3Atikwd-65526620%3Alp9069967%3Ali%3Adec%3Adm%3Appccp%3DUmFuZG9tSVYkc2RlIyh9YcUSe6BbHz0Ad_yDShFFSHQ&sid=7641fd823bc03f4920f0e88620434e97&aid=376374&ucfs=1&arphpl=1&checkin=2022-10-30&checkout=2022-10-31&group_adults=2&req_adults=2&no_rooms=2&group_children=2&req_children=2&age=5&req_age=5&age=9&req_age=9&hpos=24&hapos=24&sr_order=popularity&srpvid=8f8215ecf413008a&srepoch=1666753627&all_sr_blocks=908552601_362052028_4_0_0&highlighted_blocks=908552601_362052028_4_0_0&matching_block_id=908552601_362052028_4_0_0&sr_pri_blocks=908552601_362052028_4_0_0__4000&from=searchresults#hotelTmpl;https://www.booking.com/hotel/py/tiny-houses-en-asuncion-zona-aeropuerto-rakiura.es.html?label=esrow-OtlvhU2CXhSVxek50Z_17wS410489931081%3Apl%3Ata%3Ap1%3Ap22.563.000%3Aac%3Aap%3Aneg%3Afi%3Atikwd-65526620%3Alp9069967%3Ali%3Adec%3Adm%3Appccp%3DUmFuZG9tSVYkc2RlIyh9YcUSe6BbHz0Ad_yDShFFSHQ&sid=7641fd823bc03f4920f0e88620434e97&aid=376374&ucfs=1&arphpl=1&checkin=2022-10-30&checkout=2022-10-31&group_adults=2&req_adults=2&no_rooms=2&group_children=2&req_children=2&age=5&req_age=5&age=9&req_age=9&hpos=25&hapos=25&sr_order=popularity&srpvid=8f8215ecf413008a&srepoch=1666753627&all_sr_blocks=898292301_361382901_2_0_0%2C898292301_361382901_2_0_0&highlighted_blocks=898292301_361382901_2_0_0%2C898292301_361382901_2_0_0&matching_block_id=898292301_361382901_2_0_0&sr_pri_blocks=898292301_361382901_2_0_0__2700%2C898292301_361382901_2_0_0__2700&from=searchresults#hotelTmpl
0;1;2;3;4;5;6;7;8;9;10;11;12;13;14;15;16;17;18;19;20;21;22;23;24
Ruta Del Sol;Hospedaje San Miguel;Hotel del Sur;Mangoty Apartamento;Las Salinas Hostal;Hospedaje San Miguel;Hospedaje San Miguel;Hospedaje San Miguel;Hospedaje San Miguel;Hospedaje San Miguel;Hospedaje San Miguel;Bourbon Asunción Convention Hotel;Hospedaje Fernandito;Agradable Duplex, cerca de todo;Hospedaje;Hotel & Posada La Grappa;Hospedaje Fernandito;Acogedora casa de huéspedes con estacionamiento;CrisAl Suite Posada;Tu Casa;Esplendor by Wyndham Asuncion;Holiday Inn Express - Asuncion Aviadores, an IHG Hotel;Hotel Portal del Sol;Paramanta Lifestyle Hotel;Hotel Le Pelican
7,7;10;6,7;8,8;8,8;;;;;;;9,0;;;;;;10;9,1;9,5;8,5;9,2;7,6;8,3;8,3
3;;3;;;;;;;;;5;;;;;;;;;5;4;4;4;4
;;;;;;;;;;;;;;;;;;;;;;;;
Ypacarai;Luque;San Lorenzo;Luque;Luque;Luque;Luque;Luque;Luque;Luque;Luque;Asunción;Asunción;Fernando de la Mora;Asunción;Altos;Asunción;Nemby;J. Saldivar;Asunción;Asunción;Asunción;Asunción;Asunción;Asunción
[-25.4046805, -57.2857757];[-25.2665417, -57.4926928];[42.3832108, 9.287966];[-25.2665417, -57.4926928];[-25.2665417, -57.4926928];[-25.2665417, -57.4926928];[-25.2665417, -57.4926928];[-25.2665417, -57.4926928];[-25.2665417, -57.4926928];[-25.2665417, -57.4926928];[-25.2665417, -57.4926928];[-25.2800459, -57.6343814];[-25.2800459, -57.6343814];[-25.3281673, -57.5521492];[-25.2800459, -57.6343814];[-5.0393915, -42.4611694];[-25.2800459, -57.6343814];[-25.3924542, -57.5471112];[-25.45293355, -57.457689218484745];[-25.2800459, -57.6343814];[-25.2800459, -57.6343814];[-25.2800459, -57.6343814];[-25.2800459, -57.6343814];[-25.2800459, -57.6343814];[-25.2800459, -57.6343814]
10-20-2022;10-20-2022;10-20-2022;10-20-2022;10-20-2022;10-20-2022;10-20-2022;10-20-2022;10-20-2022;10-20-2022;10-20-2022;10-20-2022;10-20-2022;10-20-2022;10-20-2022;10-20-2022;10-20-2022;10-20-2022;10-20-2022;10-20-2022;10-20-2022;10-20-2022;10-20-2022;10-20-2022;10-20-2022
10-30-2022;10-30-2022;10-30-2022;10-30-2022;10-30-2022;10-30-2022;10-30-2022;10-30-2022;10-30-2022;10-30-2022;10-30-2022;10-30-2022;10-30-2022;10-30-2022;10-30-2022;10-30-2022;10-30-2022;10-30-2022;10-30-2022;10-30-2022;10-30-2022;10-30-2022;10-30-2022;10-30-2022;10-30-2022
2;2;2;2;2;2;2;2;2;2;2;2;2;2;2;2;2;2;2;2;2;2;2;2;2
2;2;2;2;2;2;2;2;2;2;2;2;2;2;2;2;2;2;2;2;2;2;2;2;2
2;2;2;2;2;2;2;2;2;2;2;2;2;2;2;2;2;2;2;2;2;2;2;2;2
https://www.booking.com/hotel/py/ruta-del-sol.es.html?label=esrow-OtlvhU2CXhSVxek50Z_17wS410489931081%3Apl%3Ata%3Ap1%3Ap22.563.000%3Aac%3Aap%3Aneg%3Afi%3Atikwd-65526620%3Alp9069967%3Ali%3Adec%3Adm%3Appccp%3DUmFuZG9tSVYkc2RlIyh9YcUSe6BbHz0Ad_yDShFFSHQ&sid=7641fd823bc03f4920f0e88620434e97&aid=376374&ucfs=1&arphpl=1&checkin=2022-10-30&checkout=2022-10-31&group_adults=2&req_adults=2&no_rooms=2&group_children=2&req_children=2&age=5&req_age=5&age=9&req_age=9&hpos=1&hapos=26&sr_order=popularity&srpvid=8f8215ecf413008a&srepoch=1666753709&all_sr_blocks=33410003_199513614_0_1_0%2C33410004_199513614_1_1_0&highlighted_blocks=33410003_199513614_0_1_0%2C33410004_199513614_1_1_0&matching_block_id=33410003_199513614_0_1_0&sr_pri_blocks=33410003_199513614_0_1_0__4200%2C33410004_199513614_1_1_0__2500&from=searchresults#hotelTmpl;https://www.booking.com/hotel/py/hospedaje-san-miguel.es.html?label=esrow-OtlvhU2CXhSVxek50Z_17wS410489931081%3Apl%3Ata%3Ap1%3Ap22.563.000%3Aac%3Aap%3Aneg%3Afi%3Atikwd-65526620%3Alp9069967%3Ali%3Adec%3Adm%3Appccp%3DUmFuZG9tSVYkc2RlIyh9YcUSe6BbHz0Ad_yDShFFSHQ&sid=7641fd823bc03f4920f0e88620434e97&aid=376374&ucfs=1&arphpl=1&checkin=2022-10-30&checkout=2022-10-31&group_adults=2&req_adults=2&no_rooms=2&group_children=2&req_children=2&age=5&req_age=5&age=9&req_age=9&hpos=2&hapos=27&sr_order=popularity&srpvid=8f8215ecf413008a&srepoch=1666753709&all_sr_blocks=907229502_361789697_2_0_0%2C907229503_361789697_2_0_0&highlighted_blocks=907229502_361789697_2_0_0%2C907229503_361789697_2_0_0&matching_block_id=907229502_361789697_2_0_0&sr_pri_blocks=907229502_361789697_2_0_0__3450%2C907229503_361789697_2_0_0__4950&from=searchresults#hotelTmpl;https://www.booking.com/hotel/py/del-sur.es.html?label=esrow-OtlvhU2CXhSVxek50Z_17wS410489931081%3Apl%3Ata%3Ap1%3Ap22.563.000%3Aac%3Aap%3Aneg%3Afi%3Atikwd-65526620%3Alp9069967%3Ali%3Adec%3Adm%3Appccp%3DUmFuZG9tSVYkc2RlIyh9YcUSe6BbHz0Ad_yDShFFSHQ&sid=7641fd823bc03f4920f0e88620434e97&aid=376374&ucfs=1&arphpl=1&checkin=2022-10-30&checkout=2022-10-31&group_adults=2&req_adults=2&no_rooms=2&group_children=2&req_children=2&age=5&req_age=5&age=9&req_age=9&hpos=3&hapos=28&sr_order=popularity&srpvid=8f8215ecf413008a&srepoch=1666753709&all_sr_blocks=140490101_87531304_0_1_0%2C140490101_87531304_0_1_0&highlighted_blocks=140490101_87531304_0_1_0%2C140490101_87531304_0_1_0&matching_block_id=140490101_87531304_0_1_0&sr_pri_blocks=140490101_87531304_0_1_0__3500%2C140490101_87531304_0_1_0__3500&from=searchresults#hotelTmpl;https://www.booking.com/hotel/py/mangoty-apartamento.es.html?label=esrow-OtlvhU2CXhSVxek50Z_17wS410489931081%3Apl%3Ata%3Ap1%3Ap22.563.000%3Aac%3Aap%3Aneg%3Afi%3Atikwd-65526620%3Alp9069967%3Ali%3Adec%3Adm%3Appccp%3DUmFuZG9tSVYkc2RlIyh9YcUSe6BbHz0Ad_yDShFFSHQ&sid=7641fd823bc03f4920f0e88620434e97&aid=376374&ucfs=1&arphpl=1&checkin=2022-10-30&checkout=2022-10-31&group_adults=2&req_adults=2&no_rooms=2&group_children=2&req_children=2&age=5&req_age=5&age=9&req_age=9&hpos=4&hapos=29&sr_order=popularity&srpvid=8f8215ecf413008a&srepoch=1666753709&all_sr_blocks=404320401_325414077_2_0_0%2C404320401_325414077_2_0_0&highlighted_blocks=404320401_325414077_2_0_0%2C404320401_325414077_2_0_0&matching_block_id=404320401_325414077_2_0_0&sr_pri_blocks=404320401_325414077_2_0_0__3200%2C404320401_325414077_2_0_0__3200&from=searchresults#hotelTmpl;https://www.booking.com/hotel/py/las-salinas-hostal-luque.es.html?label=esrow-OtlvhU2CXhSVxek50Z_17wS410489931081%3Apl%3Ata%3Ap1%3Ap22.563.000%3Aac%3Aap%3Aneg%3Afi%3Atikwd-65526620%3Alp9069967%3Ali%3Adec%3Adm%3Appccp%3DUmFuZG9tSVYkc2RlIyh9YcUSe6BbHz0Ad_yDShFFSHQ&sid=7641fd823bc03f4920f0e88620434e97&aid=376374&ucfs=1&arphpl=1&checkin=2022-10-30&checkout=2022-10-31&group_adults=2&req_adults=2&no_rooms=2&group_children=2&req_children=2&age=5&req_age=5&age=9&req_age=9&hpos=5&hapos=30&sr_order=popularity&srpvid=8f8215ecf413008a&srepoch=1666753709&all_sr_blocks=582413604_226859900_3_0_0%2C582413604_226859900_3_0_0&highlighted_blocks=582413604_226859900_3_0_0%2C582413604_226859900_3_0_0&matching_block_id=582413604_226859900_3_0_0&sr_pri_blocks=582413604_226859900_3_0_0__3300%2C582413604_226859900_3_0_0__3300&from_sustainable_property_sr=1&from=searchresults#hotelTmpl;https://www.booking.com/hotel/py/hospedaje-san-miguel-luque6.es.html?label=esrow-OtlvhU2CXhSVxek50Z_17wS410489931081%3Apl%3Ata%3Ap1%3Ap22.563.000%3Aac%3Aap%3Aneg%3Afi%3Atikwd-65526620%3Alp9069967%3Ali%3Adec%3Adm%3Appccp%3DUmFuZG9tSVYkc2RlIyh9YcUSe6BbHz0Ad_yDShFFSHQ&sid=7641fd823bc03f4920f0e88620434e97&aid=376374&ucfs=1&arphpl=1&checkin=2022-10-30&checkout=2022-10-31&group_adults=2&req_adults=2&no_rooms=2&group_children=2&req_children=2&age=5&req_age=5&age=9&req_age=9&hpos=6&hapos=31&sr_order=popularity&srpvid=8f8215ecf413008a&srepoch=1666753709&all_sr_blocks=911940701_362538948_4_0_0&highlighted_blocks=911940701_362538948_4_0_0&matching_block_id=911940701_362538948_4_0_0&sr_pri_blocks=911940701_362538948_4_0_0__6600&from=searchresults#hotelTmpl;https://www.booking.com/hotel/py/hospedaje-san-miguel-luque4.es.html?label=esrow-OtlvhU2CXhSVxek50Z_17wS410489931081%3Apl%3Ata%3Ap1%3Ap22.563.000%3Aac%3Aap%3Aneg%3Afi%3Atikwd-65526620%3Alp9069967%3Ali%3Adec%3Adm%3Appccp%3DUmFuZG9tSVYkc2RlIyh9YcUSe6BbHz0Ad_yDShFFSHQ&sid=7641fd823bc03f4920f0e88620434e97&aid=376374&ucfs=1&arphpl=1&checkin=2022-10-30&checkout=2022-10-31&group_adults=2&req_adults=2&no_rooms=2&group_children=2&req_children=2&age=5&req_age=5&age=9&req_age=9&hpos=7&hapos=32&sr_order=popularity&srpvid=8f8215ecf413008a&srepoch=1666753709&all_sr_blocks=909195201_362105568_4_0_0&highlighted_blocks=909195201_362105568_4_0_0&matching_block_id=909195201_362105568_4_0_0&sr_pri_blocks=909195201_362105568_4_0_0__6600&from=searchresults#hotelTmpl;https://www.booking.com/hotel/py/hospedaje-san-miguel-luque2.es.html?label=esrow-OtlvhU2CXhSVxek50Z_17wS410489931081%3Apl%3Ata%3Ap1%3Ap22.563.000%3Aac%3Aap%3Aneg%3Afi%3Atikwd-65526620%3Alp9069967%3Ali%3Adec%3Adm%3Appccp%3DUmFuZG9tSVYkc2RlIyh9YcUSe6BbHz0Ad_yDShFFSHQ&sid=7641fd823bc03f4920f0e88620434e97&aid=376374&ucfs=1&arphpl=1&checkin=2022-10-30&checkout=2022-10-31&group_adults=2&req_adults=2&no_rooms=2&group_children=2&req_children=2&age=5&req_age=5&age=9&req_age=9&hpos=8&hapos=33&sr_order=popularity&srpvid=8f8215ecf413008a&srepoch=1666753709&all_sr_blocks=909152603_362102027_8_0_0&highlighted_blocks=909152603_362102027_8_0_0&matching_block_id=909152603_362102027_8_0_0&sr_pri_blocks=909152603_362102027_8_0_0__6000&from=searchresults#hotelTmpl;https://www.booking.com/hotel/py/hospedaje-san-miguel-luque10.es.html?label=esrow-OtlvhU2CXhSVxek50Z_17wS410489931081%3Apl%3Ata%3Ap1%3Ap22.563.000%3Aac%3Aap%3Aneg%3Afi%3Atikwd-65526620%3Alp9069967%3Ali%3Adec%3Adm%3Appccp%3DUmFuZG9tSVYkc2RlIyh9YcUSe6BbHz0Ad_yDShFFSHQ&sid=7641fd823bc03f4920f0e88620434e97&aid=376374&ucfs=1&arphpl=1&checkin=2022-10-30&checkout=2022-10-31&group_adults=2&req_adults=2&no_rooms=2&group_children=2&req_children=2&age=5&req_age=5&age=9&req_age=9&hpos=9&hapos=34&sr_order=popularity&srpvid=8f8215ecf413008a&srepoch=1666753709&all_sr_blocks=915441702_362992092_2_0_0%2C915441701_362992092_2_0_0&highlighted_blocks=915441702_362992092_2_0_0%2C915441701_362992092_2_0_0&matching_block_id=915441702_362992092_2_0_0&sr_pri_blocks=915441702_362992092_2_0_0__3500%2C915441701_362992092_2_0_0__3500&from=searchresults#hotelTmpl;https://www.booking.com/hotel/py/hospedaje-san-miguel-luque8.es.html?label=esrow-OtlvhU2CXhSVxek50Z_17wS410489931081%3Apl%3Ata%3Ap1%3Ap22.563.000%3Aac%3Aap%3Aneg%3Afi%3Atikwd-65526620%3Alp9069967%3Ali%3Adec%3Adm%3Appccp%3DUmFuZG9tSVYkc2RlIyh9YcUSe6BbHz0Ad_yDShFFSHQ&sid=7641fd823bc03f4920f0e88620434e97&aid=376374&ucfs=1&arphpl=1&checkin=2022-10-30&checkout=2022-10-31&group_adults=2&req_adults=2&no_rooms=2&group_children=2&req_children=2&age=5&req_age=5&age=9&req_age=9&hpos=10&hapos=35&sr_order=popularity&srpvid=8f8215ecf413008a&srepoch=1666753709&all_sr_blocks=915160601_362959158_4_0_0&highlighted_blocks=915160601_362959158_4_0_0&matching_block_id=915160601_362959158_4_0_0&sr_pri_blocks=915160601_362959158_4_0_0__6600&from=searchresults#hotelTmpl;https://www.booking.com/hotel/py/hospedaje-san-miguel-luque7.es.html?label=esrow-OtlvhU2CXhSVxek50Z_17wS410489931081%3Apl%3Ata%3Ap1%3Ap22.563.000%3Aac%3Aap%3Aneg%3Afi%3Atikwd-65526620%3Alp9069967%3Ali%3Adec%3Adm%3Appccp%3DUmFuZG9tSVYkc2RlIyh9YcUSe6BbHz0Ad_yDShFFSHQ&sid=7641fd823bc03f4920f0e88620434e97&aid=376374&ucfs=1&arphpl=1&checkin=2022-10-30&checkout=2022-10-31&group_adults=2&req_adults=2&no_rooms=2&group_children=2&req_children=2&age=5&req_age=5&age=9&req_age=9&hpos=11&hapos=36&sr_order=popularity&srpvid=8f8215ecf413008a&srepoch=1666753709&all_sr_blocks=913735301_362761963_4_0_0&highlighted_blocks=913735301_362761963_4_0_0&matching_block_id=913735301_362761963_4_0_0&sr_pri_blocks=913735301_362761963_4_0_0__6500&from=searchresults#hotelTmpl;https://www.booking.com/hotel/py/bourbon-conmebol-convention.es.html?label=esrow-OtlvhU2CXhSVxek50Z_17wS410489931081%3Apl%3Ata%3Ap1%3Ap22.563.000%3Aac%3Aap%3Aneg%3Afi%3Atikwd-65526620%3Alp9069967%3Ali%3Adec%3Adm%3Appccp%3DUmFuZG9tSVYkc2RlIyh9YcUSe6BbHz0Ad_yDShFFSHQ&sid=7641fd823bc03f4920f0e88620434e97&aid=376374&ucfs=1&arphpl=1&checkin=2022-10-30&checkout=2022-10-31&group_adults=2&req_adults=2&no_rooms=2&group_children=2&req_children=2&age=5&req_age=5&age=9&req_age=9&hpos=12&hapos=37&sr_order=popularity&srpvid=8f8215ecf413008a&srepoch=1666753709&all_sr_blocks=36358601_195218449_0_1_0%2C36358602_195218449_1_1_0&highlighted_blocks=36358601_195218449_0_1_0%2C36358602_195218449_1_1_0&matching_block_id=36358601_195218449_0_1_0&sr_pri_blocks=36358601_195218449_0_1_0__16511%2C36358602_195218449_1_1_0__15571&from_sustainable_property_sr=1&from=searchresults#hotelTmpl;https://www.booking.com/hotel/py/hopedaje-fernandito.es.html?label=esrow-OtlvhU2CXhSVxek50Z_17wS410489931081%3Apl%3Ata%3Ap1%3Ap22.563.000%3Aac%3Aap%3Aneg%3Afi%3Atikwd-65526620%3Alp9069967%3Ali%3Adec%3Adm%3Appccp%3DUmFuZG9tSVYkc2RlIyh9YcUSe6BbHz0Ad_yDShFFSHQ&sid=7641fd823bc03f4920f0e88620434e97&aid=376374&ucfs=1&arphpl=1&checkin=2022-10-30&checkout=2022-10-31&group_adults=2&req_adults=2&no_rooms=2&group_children=2&req_children=2&age=5&req_age=5&age=9&req_age=9&hpos=13&hapos=38&sr_order=popularity&srpvid=8f8215ecf413008a&srepoch=1666753709&all_sr_blocks=912973201_362665521_4_0_0&highlighted_blocks=912973201_362665521_4_0_0&matching_block_id=912973201_362665521_4_0_0&sr_pri_blocks=912973201_362665521_4_0_0__10000&from=searchresults#hotelTmpl;https://www.booking.com/hotel/py/agradable-duplex-cerca-de-todo.es.html?label=esrow-OtlvhU2CXhSVxek50Z_17wS410489931081%3Apl%3Ata%3Ap1%3Ap22.563.000%3Aac%3Aap%3Aneg%3Afi%3Atikwd-65526620%3Alp9069967%3Ali%3Adec%3Adm%3Appccp%3DUmFuZG9tSVYkc2RlIyh9YcUSe6BbHz0Ad_yDShFFSHQ&sid=7641fd823bc03f4920f0e88620434e97&aid=376374&ucfs=1&arphpl=1&checkin=2022-10-30&checkout=2022-10-31&group_adults=2&req_adults=2&no_rooms=2&group_children=2&req_children=2&age=5&req_age=5&age=9&req_age=9&hpos=14&hapos=39&sr_order=popularity&srpvid=8f8215ecf413008a&srepoch=1666753709&all_sr_blocks=913171001_362698843_4_0_0&highlighted_blocks=913171001_362698843_4_0_0&matching_block_id=913171001_362698843_4_0_0&sr_pri_blocks=913171001_362698843_4_0_0__10000&from=searchresults#hotelTmpl;https://www.booking.com/hotel/py/hospedaje-asuncion.es.html?label=esrow-OtlvhU2CXhSVxek50Z_17wS410489931081%3Apl%3Ata%3Ap1%3Ap22.563.000%3Aac%3Aap%3Aneg%3Afi%3Atikwd-65526620%3Alp9069967%3Ali%3Adec%3Adm%3Appccp%3DUmFuZG9tSVYkc2RlIyh9YcUSe6BbHz0Ad_yDShFFSHQ&sid=7641fd823bc03f4920f0e88620434e97&aid=376374&ucfs=1&arphpl=1&checkin=2022-10-30&checkout=2022-10-31&group_adults=2&req_adults=2&no_rooms=2&group_children=2&req_children=2&age=5&req_age=5&age=9&req_age=9&hpos=15&hapos=40&sr_order=popularity&srpvid=8f8215ecf413008a&srepoch=1666753709&all_sr_blocks=909057801_362094374_4_0_0&highlighted_blocks=909057801_362094374_4_0_0&matching_block_id=909057801_362094374_4_0_0&sr_pri_blocks=909057801_362094374_4_0_0__10000&from=searchresults#hotelTmpl;https://www.booking.com/hotel/py/amp-posada-la-grappa.es.html?label=esrow-OtlvhU2CXhSVxek50Z_17wS410489931081%3Apl%3Ata%3Ap1%3Ap22.563.000%3Aac%3Aap%3Aneg%3Afi%3Atikwd-65526620%3Alp9069967%3Ali%3Adec%3Adm%3Appccp%3DUmFuZG9tSVYkc2RlIyh9YcUSe6BbHz0Ad_yDShFFSHQ&sid=7641fd823bc03f4920f0e88620434e97&aid=376374&ucfs=1&arphpl=1&checkin=2022-10-30&checkout=2022-10-31&group_adults=2&req_adults=2&no_rooms=2&group_children=2&req_children=2&age=5&req_age=5&age=9&req_age=9&hpos=16&hapos=41&sr_order=popularity&srpvid=8f8215ecf413008a&srepoch=1666753709&all_sr_blocks=899160903_360617412_2_1_0%2C899160902_360617412_3_1_0&highlighted_blocks=899160903_360617412_2_1_0%2C899160902_360617412_3_1_0&matching_block_id=899160903_360617412_2_1_0&sr_pri_blocks=899160903_360617412_2_1_0__4150%2C899160902_360617412_3_1_0__7750&from_sustainable_property_sr=1&from=searchresults#hotelTmpl;https://www.booking.com/hotel/py/hospedaje-fernandito.es.html?label=esrow-OtlvhU2CXhSVxek50Z_17wS410489931081%3Apl%3Ata%3Ap1%3Ap22.563.000%3Aac%3Aap%3Aneg%3Afi%3Atikwd-65526620%3Alp9069967%3Ali%3Adec%3Adm%3Appccp%3DUmFuZG9tSVYkc2RlIyh9YcUSe6BbHz0Ad_yDShFFSHQ&sid=7641fd823bc03f4920f0e88620434e97&aid=376374&ucfs=1&arphpl=1&checkin=2022-10-30&checkout=2022-10-31&group_adults=2&req_adults=2&no_rooms=2&group_children=2&req_children=2&age=5&req_age=5&age=9&req_age=9&hpos=17&hapos=42&sr_order=popularity&srpvid=8f8215ecf413008a&srepoch=1666753709&all_sr_blocks=916512801_363138681_4_0_0&highlighted_blocks=916512801_363138681_4_0_0&matching_block_id=916512801_363138681_4_0_0&sr_pri_blocks=916512801_363138681_4_0_0__10000&from=searchresults#hotelTmpl;https://www.booking.com/hotel/py/acogedora-casa-de-huespedes-con-estacionamiento.es.html?label=esrow-OtlvhU2CXhSVxek50Z_17wS410489931081%3Apl%3Ata%3Ap1%3Ap22.563.000%3Aac%3Aap%3Aneg%3Afi%3Atikwd-65526620%3Alp9069967%3Ali%3Adec%3Adm%3Appccp%3DUmFuZG9tSVYkc2RlIyh9YcUSe6BbHz0Ad_yDShFFSHQ&sid=7641fd823bc03f4920f0e88620434e97&aid=376374&ucfs=1&arphpl=1&checkin=2022-10-30&checkout=2022-10-31&group_adults=2&req_adults=2&no_rooms=2&group_children=2&req_children=2&age=5&req_age=5&age=9&req_age=9&hpos=18&hapos=43&sr_order=popularity&srpvid=8f8215ecf413008a&srepoch=1666753709&all_sr_blocks=895504801_360095205_4_0_0&highlighted_blocks=895504801_360095205_4_0_0&matching_block_id=895504801_360095205_4_0_0&sr_pri_blocks=895504801_360095205_4_0_0__4600&from=searchresults#hotelTmpl;https://www.booking.com/hotel/py/crisal-suite-posada.es.html?label=esrow-OtlvhU2CXhSVxek50Z_17wS410489931081%3Apl%3Ata%3Ap1%3Ap22.563.000%3Aac%3Aap%3Aneg%3Afi%3Atikwd-65526620%3Alp9069967%3Ali%3Adec%3Adm%3Appccp%3DUmFuZG9tSVYkc2RlIyh9YcUSe6BbHz0Ad_yDShFFSHQ&sid=7641fd823bc03f4920f0e88620434e97&aid=376374&ucfs=1&arphpl=1&checkin=2022-10-30&checkout=2022-10-31&group_adults=2&req_adults=2&no_rooms=2&group_children=2&req_children=2&age=5&req_age=5&age=9&req_age=9&hpos=19&hapos=44&sr_order=popularity&srpvid=8f8215ecf413008a&srepoch=1666753709&all_sr_blocks=654171901_335440993_2_1_0%2C654171903_335440993_1_1_6047313952768&highlighted_blocks=654171901_335440993_2_1_0%2C654171903_335440993_1_1_6047313952768&matching_block_id=654171901_335440993_2_1_0&sr_pri_blocks=654171901_335440993_2_1_0__4400%2C654171903_335440993_1_1_6047313952768__5200&from=searchresults#hotelTmpl;https://www.booking.com/hotel/py/hostal-asuncion.es.html?label=esrow-OtlvhU2CXhSVxek50Z_17wS410489931081%3Apl%3Ata%3Ap1%3Ap22.563.000%3Aac%3Aap%3Aneg%3Afi%3Atikwd-65526620%3Alp9069967%3Ali%3Adec%3Adm%3Appccp%3DUmFuZG9tSVYkc2RlIyh9YcUSe6BbHz0Ad_yDShFFSHQ&sid=7641fd823bc03f4920f0e88620434e97&aid=376374&ucfs=1&arphpl=1&checkin=2022-10-30&checkout=2022-10-31&group_adults=2&req_adults=2&no_rooms=2&group_children=2&req_children=2&age=5&req_age=5&age=9&req_age=9&hpos=20&hapos=45&sr_order=popularity&srpvid=8f8215ecf413008a&srepoch=1666753709&all_sr_blocks=488560701_266083367_4_0_0&highlighted_blocks=488560701_266083367_4_0_0&matching_block_id=488560701_266083367_4_0_0&sr_pri_blocks=488560701_266083367_4_0_0__7260&from=searchresults#hotelTmpl;https://www.booking.com/hotel/py/esplendor-by-wyndham-asuncion.es.html?label=esrow-OtlvhU2CXhSVxek50Z_17wS410489931081%3Apl%3Ata%3Ap1%3Ap22.563.000%3Aac%3Aap%3Aneg%3Afi%3Atikwd-65526620%3Alp9069967%3Ali%3Adec%3Adm%3Appccp%3DUmFuZG9tSVYkc2RlIyh9YcUSe6BbHz0Ad_yDShFFSHQ&sid=7641fd823bc03f4920f0e88620434e97&aid=376374&ucfs=1&arphpl=1&checkin=2022-10-30&checkout=2022-10-31&group_adults=2&req_adults=2&no_rooms=2&group_children=2&req_children=2&age=5&req_age=5&age=9&req_age=9&hpos=21&hapos=46&sr_order=popularity&srpvid=8f8215ecf413008a&srepoch=1666753709&all_sr_blocks=209886107_246091149_2_1_0%2C209886107_246091149_2_1_0&highlighted_blocks=209886107_246091149_2_1_0%2C209886107_246091149_2_1_0&matching_block_id=209886107_246091149_2_1_0&sr_pri_blocks=209886107_246091149_2_1_0__8500%2C209886107_246091149_2_1_0__8500&from_sustainable_property_sr=1&from=searchresults#hotelTmpl;https://www.booking.com/hotel/py/holiday-inn-express-asuncion-aviadores.es.html?label=esrow-OtlvhU2CXhSVxek50Z_17wS410489931081%3Apl%3Ata%3Ap1%3Ap22.563.000%3Aac%3Aap%3Aneg%3Afi%3Atikwd-65526620%3Alp9069967%3Ali%3Adec%3Adm%3Appccp%3DUmFuZG9tSVYkc2RlIyh9YcUSe6BbHz0Ad_yDShFFSHQ&sid=7641fd823bc03f4920f0e88620434e97&aid=376374&ucfs=1&arphpl=1&checkin=2022-10-30&checkout=2022-10-31&group_adults=2&req_adults=2&no_rooms=2&group_children=2&req_children=2&age=5&req_age=5&age=9&req_age=9&hpos=22&hapos=47&sr_order=popularity&srpvid=8f8215ecf413008a&srepoch=1666753709&all_sr_blocks=349696001_244370310_2_1_0%2C349696001_244370310_2_1_0&highlighted_blocks=349696001_244370310_2_1_0%2C349696001_244370310_2_1_0&matching_block_id=349696001_244370310_2_1_0&sr_pri_blocks=349696001_244370310_2_1_0__7900%2C349696001_244370310_2_1_0__7900&from_sustainable_property_sr=1&from=searchresults#hotelTmpl;https://www.booking.com/hotel/py/portaldelsol.es.html?label=esrow-OtlvhU2CXhSVxek50Z_17wS410489931081%3Apl%3Ata%3Ap1%3Ap22.563.000%3Aac%3Aap%3Aneg%3Afi%3Atikwd-65526620%3Alp9069967%3Ali%3Adec%3Adm%3Appccp%3DUmFuZG9tSVYkc2RlIyh9YcUSe6BbHz0Ad_yDShFFSHQ&sid=7641fd823bc03f4920f0e88620434e97&aid=376374&ucfs=1&arphpl=1&checkin=2022-10-30&checkout=2022-10-31&group_adults=2&req_adults=2&no_rooms=2&group_children=2&req_children=2&age=5&req_age=5&age=9&req_age=9&hpos=23&hapos=48&sr_order=popularity&srpvid=8f8215ecf413008a&srepoch=1666753709&all_sr_blocks=9401402_330036536_0_1_0%2C9401402_330036536_0_1_0&highlighted_blocks=9401402_330036536_0_1_0%2C9401402_330036536_0_1_0&matching_block_id=9401402_330036536_0_1_0&sr_pri_blocks=9401402_330036536_0_1_0__3727%2C9401402_330036536_0_1_0__3727&from=searchresults#hotelTmpl;https://www.booking.com/hotel/py/paramanta-asuncion.es.html?label=esrow-OtlvhU2CXhSVxek50Z_17wS410489931081%3Apl%3Ata%3Ap1%3Ap22.563.000%3Aac%3Aap%3Aneg%3Afi%3Atikwd-65526620%3Alp9069967%3Ali%3Adec%3Adm%3Appccp%3DUmFuZG9tSVYkc2RlIyh9YcUSe6BbHz0Ad_yDShFFSHQ&sid=7641fd823bc03f4920f0e88620434e97&aid=376374&ucfs=1&arphpl=1&checkin=2022-10-30&checkout=2022-10-31&group_adults=2&req_adults=2&no_rooms=2&group_children=2&req_children=2&age=5&req_age=5&age=9&req_age=9&hpos=24&hapos=49&sr_order=popularity&srpvid=8f8215ecf413008a&srepoch=1666753709&all_sr_blocks=44330602_335385215_0_1_0%2C44330602_335385215_0_1_0&highlighted_blocks=44330602_335385215_0_1_0%2C44330602_335385215_0_1_0&matching_block_id=44330602_335385215_0_1_0&sr_pri_blocks=44330602_335385215_0_1_0__4750%2C44330602_335385215_0_1_0__4750&from_sustainable_property_sr=1&from=searchresults#hotelTmpl;https://www.booking.com/hotel/py/le-pelican.es.html?label=esrow-OtlvhU2CXhSVxek50Z_17wS410489931081%3Apl%3Ata%3Ap1%3Ap22.563.000%3Aac%3Aap%3Aneg%3Afi%3Atikwd-65526620%3Alp9069967%3Ali%3Adec%3Adm%3Appccp%3DUmFuZG9tSVYkc2RlIyh9YcUSe6BbHz0Ad_yDShFFSHQ&sid=7641fd823bc03f4920f0e88620434e97&aid=376374&ucfs=1&arphpl=1&checkin=2022-10-30&checkout=2022-10-31&group_adults=2&req_adults=2&no_rooms=2&group_children=2&req_children=2&age=5&req_age=5&age=9&req_age=9&hpos=25&hapos=50&sr_order=popularity&srpvid=8f8215ecf413008a&srepoch=1666753709&all_sr_blocks=29623402_187674133_3_41_0%2C29623405_187674133_1_41_0&highlighted_blocks=29623402_187674133_3_41_0%2C29623405_187674133_1_41_0&matching_block_id=29623402_187674133_3_41_0&sr_pri_blocks=29623402_187674133_3_41_0__6400%2C29623405_187674133_1_41_0__6000&from=searchresults#hotelTmpl
0;1;2;3;4;5;6;7;8;9;10;11;12;13;14;15;16;17;18;19;20;21;22;23;24
Hotel 1945 Aeropuerto;Granados B&B;Asunción Rent Suites Santa Teresa;Dazzler by Wyndham Asuncion;Pantanal Inn Hotel;ibis Asuncion;Paseo La Galería Hotel & Suites;Casa Sucre;Danieri Asunción Hotel;Sheraton Asuncion Hotel;Hotel Westfalenhaus;Las Lomas Casa Hotel;Apartamentos Don Gerardo;Beulah Hotel Boutique;Nueva Alborada Lodging House;Hub Hotel Asuncion;Five Hotel;Factoria Hotel;Hotel Hassler;ApartHotel Maison Suisse;Posada del Cielo;START Villa Morra Rent Apartments;OXO Bertoni - Luxury 1 bedroom apt in Villa Morra 504;Casa quinta Verde Cielo;La Mision Hotel Boutique
8,2;9,3;8,3;8,4;7,9;8,7;8,5;9,1;7,8;8,2;8,6;8,8;8,9;9,7;9,5;8,8;8,3;9,3;7,6;8,6;8,3;9,1;10;;9,5
;;;4;4;3;4;;3;5;4;;;;;4;5;5;3;;;;;;5
;;;;;;;;;;;;;;;;;;;;;;;;
Asunción;Asunción;Asunción;Asunción;Asunción;Asunción;Asunción;Asunción;Asunción;Asunción;Asunción;Asunción;Asunción;Asunción;Fernando de la Mora;Asunción;Asunción;Asunción;Asunción;Asunción;Asunción;Asunción;Asunción;Altos;Asunción
[-25.2800459, -57.6343814];[-25.2800459, -57.6343814];[-25.2800459, -57.6343814];[-25.2800459, -57.6343814];[-25.2800459, -57.6343814];[-25.2800459, -57.6343814];[-25.2800459, -57.6343814];[-25.2800459, -57.6343814];[-25.2800459, -57.6343814];[-25.2800459, -57.6343814];[-25.2800459, -57.6343814];[-25.2800459, -57.6343814];[-25.2800459, -57.6343814];[-25.2800459, -57.6343814];[-25.3281673, -57.5521492];[-25.2800459, -57.6343814];[-25.2800459, -57.6343814];[-25.2800459, -57.6343814];[-25.2800459, -57.6343814];[-25.2800459, -57.6343814];[-25.2800459, -57.6343814];[-25.2800459, -57.6343814];[-25.2800459, -57.6343814];[-5.0393915, -42.4611694];[-25.2800459, -57.6343814]
10-20-2022;10-20-2022;10-20-2022;10-20-2022;10-20-2022;10-20-2022;10-20-2022;10-20-2022;10-20-2022;10-20-2022;10-20-2022;10-20-2022;10-20-2022;10-20-2022;10-20-2022;10-20-2022;10-20-2022;10-20-2022;10-20-2022;10-20-2022;10-20-2022;10-20-2022;10-20-2022;10-20-2022;10-20-2022
10-30-2022;10-30-2022;10-30-2022;10-30-2022;10-30-2022;10-30-2022;10-30-2022;10-30-2022;10-30-2022;10-30-2022;10-30-2022;10-30-2022;10-30-2022;10-30-2022;10-30-2022;10-30-2022;10-30-2022;10-30-2022;10-30-2022;10-30-2022;10-30-2022;10-30-2022;10-30-2022;10-30-2022;10-30-2022
2;2;2;2;2;2;2;2;2;2;2;2;2;2;2;2;2;2;2;2;2;2;2;2;2
2;2;2;2;2;2;2;2;2;2;2;2;2;2;2;2;2;2;2;2;2;2;2;2;2
2;2;2;2;2;2;2;2;2;2;2;2;2;2;2;2;2;2;2;2;2;2;2;2;2
https://www.booking.com/hotel/py/1945.es.html?label=esrow-OtlvhU2CXhSVxek50Z_17wS410489931081%3Apl%3Ata%3Ap1%3Ap22.563.000%3Aac%3Aap%3Aneg%3Afi%3Atikwd-65526620%3Alp9069967%3Ali%3Adec%3Adm%3Appccp%3DUmFuZG9tSVYkc2RlIyh9YcUSe6BbHz0Ad_yDShFFSHQ&sid=7641fd823bc03f4920f0e88620434e97&aid=376374&ucfs=1&arphpl=1&checkin=2022-10-30&checkout=2022-10-31&group_adults=2&req_adults=2&no_rooms=2&group_children=2&req_children=2&age=5&req_age=5&age=9&req_age=9&hpos=1&hapos=51&sr_order=popularity&srpvid=8f8215ecf413008a&srepoch=1666753746&all_sr_blocks=292364802_218843879_0_0_0%2C292364802_218843879_0_0_0&highlighted_blocks=292364802_218843879_0_0_0%2C292364802_218843879_0_0_0&matching_block_id=292364802_218843879_0_0_0&sr_pri_blocks=292364802_218843879_0_0_0__6500%2C292364802_218843879_0_0_0__6500&from=searchresults#hotelTmpl;https://www.booking.com/hotel/py/granados.es.html?label=esrow-OtlvhU2CXhSVxek50Z_17wS410489931081%3Apl%3Ata%3Ap1%3Ap22.563.000%3Aac%3Aap%3Aneg%3Afi%3Atikwd-65526620%3Alp9069967%3Ali%3Adec%3Adm%3Appccp%3DUmFuZG9tSVYkc2RlIyh9YcUSe6BbHz0Ad_yDShFFSHQ&sid=7641fd823bc03f4920f0e88620434e97&aid=376374&ucfs=1&arphpl=1&checkin=2022-10-30&checkout=2022-10-31&group_adults=2&req_adults=2&no_rooms=2&group_children=2&req_children=2&age=5&req_age=5&age=9&req_age=9&hpos=2&hapos=52&sr_order=popularity&srpvid=8f8215ecf413008a&srepoch=1666753746&all_sr_blocks=387051301_121696742_0_1_0&highlighted_blocks=387051301_121696742_0_1_0&matching_block_id=387051301_121696742_0_1_0&sr_pri_blocks=387051301_121696742_0_1_0__6480&from_sustainable_property_sr=1&from=searchresults#hotelTmpl;https://www.booking.com/hotel/py/asuncion-rent-suites.es.html?label=esrow-OtlvhU2CXhSVxek50Z_17wS410489931081%3Apl%3Ata%3Ap1%3Ap22.563.000%3Aac%3Aap%3Aneg%3Afi%3Atikwd-65526620%3Alp9069967%3Ali%3Adec%3Adm%3Appccp%3DUmFuZG9tSVYkc2RlIyh9YcUSe6BbHz0Ad_yDShFFSHQ&sid=7641fd823bc03f4920f0e88620434e97&aid=376374&ucfs=1&arphpl=1&checkin=2022-10-30&checkout=2022-10-31&group_adults=2&req_adults=2&no_rooms=2&group_children=2&req_children=2&age=5&req_age=5&age=9&req_age=9&hpos=3&hapos=53&sr_order=popularity&srpvid=8f8215ecf413008a&srepoch=1666753746&all_sr_blocks=151846701_200483374_3_0_0&highlighted_blocks=151846701_200483374_3_0_0&matching_block_id=151846701_200483374_3_0_0&sr_pri_blocks=151846701_200483374_3_0_0__6570&from_sustainable_property_sr=1&from=searchresults#hotelTmpl;https://www.booking.com/hotel/py/dazzler-asuncion.es.html?label=esrow-OtlvhU2CXhSVxek50Z_17wS410489931081%3Apl%3Ata%3Ap1%3Ap22.563.000%3Aac%3Aap%3Aneg%3Afi%3Atikwd-65526620%3Alp9069967%3Ali%3Adec%3Adm%3Appccp%3DUmFuZG9tSVYkc2RlIyh9YcUSe6BbHz0Ad_yDShFFSHQ&sid=7641fd823bc03f4920f0e88620434e97&aid=376374&ucfs=1&arphpl=1&checkin=2022-10-30&checkout=2022-10-31&group_adults=2&req_adults=2&no_rooms=2&group_children=2&req_children=2&age=5&req_age=5&age=9&req_age=9&hpos=4&hapos=54&sr_order=popularity&srpvid=8f8215ecf413008a&srepoch=1666753746&all_sr_blocks=166612111_246091150_2_1_0%2C166612111_246091150_2_1_0&highlighted_blocks=166612111_246091150_2_1_0%2C166612111_246091150_2_1_0&matching_block_id=166612111_246091150_2_1_0&sr_pri_blocks=166612111_246091150_2_1_0__9900%2C166612111_246091150_2_1_0__9900&from_sustainable_property_sr=1&from=searchresults#hotelTmpl;https://www.booking.com/hotel/py/pantanal-inn.es.html?label=esrow-OtlvhU2CXhSVxek50Z_17wS410489931081%3Apl%3Ata%3Ap1%3Ap22.563.000%3Aac%3Aap%3Aneg%3Afi%3Atikwd-65526620%3Alp9069967%3Ali%3Adec%3Adm%3Appccp%3DUmFuZG9tSVYkc2RlIyh9YcUSe6BbHz0Ad_yDShFFSHQ&sid=7641fd823bc03f4920f0e88620434e97&aid=376374&ucfs=1&arphpl=1&checkin=2022-10-30&checkout=2022-10-31&group_adults=2&req_adults=2&no_rooms=2&group_children=2&req_children=2&age=5&req_age=5&age=9&req_age=9&hpos=5&hapos=55&sr_order=popularity&srpvid=8f8215ecf413008a&srepoch=1666753746&all_sr_blocks=35925102_335906725_0_1_0%2C35925101_335906725_0_1_0&highlighted_blocks=35925102_335906725_0_1_0%2C35925101_335906725_0_1_0&matching_block_id=35925102_335906725_0_1_0&sr_pri_blocks=35925102_335906725_0_1_0__4788%2C35925101_335906725_0_1_0__3910&from_sustainable_property_sr=1&from=searchresults#hotelTmpl;https://www.booking.com/hotel/py/ibis-asuncion.es.html?label=esrow-OtlvhU2CXhSVxek50Z_17wS410489931081%3Apl%3Ata%3Ap1%3Ap22.563.000%3Aac%3Aap%3Aneg%3Afi%3Atikwd-65526620%3Alp9069967%3Ali%3Adec%3Adm%3Appccp%3DUmFuZG9tSVYkc2RlIyh9YcUSe6BbHz0Ad_yDShFFSHQ&sid=7641fd823bc03f4920f0e88620434e97&aid=376374&ucfs=1&arphpl=1&checkin=2022-10-30&checkout=2022-10-31&group_adults=2&req_adults=2&no_rooms=2&group_children=2&req_children=2&age=5&req_age=5&age=9&req_age=9&hpos=6&hapos=56&sr_order=popularity&srpvid=8f8215ecf413008a&srepoch=1666753746&all_sr_blocks=248099002_246102324_1_1_0%2C248099002_246102324_1_1_0&highlighted_blocks=248099002_246102324_1_1_0%2C248099002_246102324_1_1_0&matching_block_id=248099002_246102324_1_1_0&sr_pri_blocks=248099002_246102324_1_1_0__4608%2C248099002_246102324_1_1_0__4608&from=searchresults#hotelTmpl;https://www.booking.com/hotel/py/de-las-torres.es.html?label=esrow-OtlvhU2CXhSVxek50Z_17wS410489931081%3Apl%3Ata%3Ap1%3Ap22.563.000%3Aac%3Aap%3Aneg%3Afi%3Atikwd-65526620%3Alp9069967%3Ali%3Adec%3Adm%3Appccp%3DUmFuZG9tSVYkc2RlIyh9YcUSe6BbHz0Ad_yDShFFSHQ&sid=7641fd823bc03f4920f0e88620434e97&aid=376374&ucfs=1&arphpl=1&checkin=2022-10-30&checkout=2022-10-31&group_adults=2&req_adults=2&no_rooms=2&group_children=2&req_children=2&age=5&req_age=5&age=9&req_age=9&hpos=7&hapos=57&sr_order=popularity&srpvid=8f8215ecf413008a&srepoch=1666753746&all_sr_blocks=267694405_361906112_2_2_0%2C267694405_361906112_2_2_0&highlighted_blocks=267694405_361906112_2_2_0%2C267694405_361906112_2_2_0&matching_block_id=267694405_361906112_2_2_0&sr_pri_blocks=267694405_361906112_2_2_0__11500%2C267694405_361906112_2_2_0__11500&from=searchresults#hotelTmpl;https://www.booking.com/hotel/py/casa-sucre.es.html?label=esrow-OtlvhU2CXhSVxek50Z_17wS410489931081%3Apl%3Ata%3Ap1%3Ap22.563.000%3Aac%3Aap%3Aneg%3Afi%3Atikwd-65526620%3Alp9069967%3Ali%3Adec%3Adm%3Appccp%3DUmFuZG9tSVYkc2RlIyh9YcUSe6BbHz0Ad_yDShFFSHQ&sid=7641fd823bc03f4920f0e88620434e97&aid=376374&ucfs=1&arphpl=1&checkin=2022-10-30&checkout=2022-10-31&group_adults=2&req_adults=2&no_rooms=2&group_children=2&req_children=2&age=5&req_age=5&age=9&req_age=9&hpos=8&hapos=58&sr_order=popularity&srpvid=8f8215ecf413008a&srepoch=1666753746&all_sr_blocks=215502901_200673646_0_2_0%2C215502905_200673646_0_2_0&highlighted_blocks=215502901_200673646_0_2_0%2C215502905_200673646_0_2_0&matching_block_id=215502901_200673646_0_2_0&sr_pri_blocks=215502901_200673646_0_2_0__7000%2C215502905_200673646_0_2_0__7000&from=searchresults#hotelTmpl;https://www.booking.com/hotel/py/di-danieri.es.html?label=esrow-OtlvhU2CXhSVxek50Z_17wS410489931081%3Apl%3Ata%3Ap1%3Ap22.563.000%3Aac%3Aap%3Aneg%3Afi%3Atikwd-65526620%3Alp9069967%3Ali%3Adec%3Adm%3Appccp%3DUmFuZG9tSVYkc2RlIyh9YcUSe6BbHz0Ad_yDShFFSHQ&sid=7641fd823bc03f4920f0e88620434e97&aid=376374&ucfs=1&arphpl=1&checkin=2022-10-30&checkout=2022-10-31&group_adults=2&req_adults=2&no_rooms=2&group_children=2&req_children=2&age=5&req_age=5&age=9&req_age=9&hpos=9&hapos=59&sr_order=popularity&srpvid=8f8215ecf413008a&srepoch=1666753746&all_sr_blocks=133219604_241656634_0_1_0%2C133219604_241656634_0_1_0&highlighted_blocks=133219604_241656634_0_1_0%2C133219604_241656634_0_1_0&matching_block_id=133219604_241656634_0_1_0&sr_pri_blocks=133219604_241656634_0_1_0__6300%2C133219604_241656634_0_1_0__6300&from=searchresults#hotelTmpl;https://www.booking.com/hotel/py/sheraton-asuncion.es.html?label=esrow-OtlvhU2CXhSVxek50Z_17wS410489931081%3Apl%3Ata%3Ap1%3Ap22.563.000%3Aac%3Aap%3Aneg%3Afi%3Atikwd-65526620%3Alp9069967%3Ali%3Adec%3Adm%3Appccp%3DUmFuZG9tSVYkc2RlIyh9YcUSe6BbHz0Ad_yDShFFSHQ&sid=7641fd823bc03f4920f0e88620434e97&aid=376374&ucfs=1&arphpl=1&checkin=2022-10-30&checkout=2022-10-31&group_adults=2&req_adults=2&no_rooms=2&group_children=2&req_children=2&age=5&req_age=5&age=9&req_age=9&hpos=10&hapos=60&sr_order=popularity&srpvid=8f8215ecf413008a&srepoch=1666753746&all_sr_blocks=25481805_246425014_0_1_0%2C25481805_246425014_0_1_0&highlighted_blocks=25481805_246425014_0_1_0%2C25481805_246425014_0_1_0&matching_block_id=25481805_246425014_0_1_0&sr_pri_blocks=25481805_246425014_0_1_0__16900%2C25481805_246425014_0_1_0__16900&from_sustainable_property_sr=1&from=searchresults#hotelTmpl;https://www.booking.com/hotel/py/westfalenhaus.es.html?label=esrow-OtlvhU2CXhSVxek50Z_17wS410489931081%3Apl%3Ata%3Ap1%3Ap22.563.000%3Aac%3Aap%3Aneg%3Afi%3Atikwd-65526620%3Alp9069967%3Ali%3Adec%3Adm%3Appccp%3DUmFuZG9tSVYkc2RlIyh9YcUSe6BbHz0Ad_yDShFFSHQ&sid=7641fd823bc03f4920f0e88620434e97&aid=376374&ucfs=1&arphpl=1&checkin=2022-10-30&checkout=2022-10-31&group_adults=2&req_adults=2&no_rooms=2&group_children=2&req_children=2&age=5&req_age=5&age=9&req_age=9&hpos=11&hapos=61&sr_order=popularity&srpvid=8f8215ecf413008a&srepoch=1666753746&all_sr_blocks=9729606_332904498_2_41_0%2C9729606_332904498_2_41_0&highlighted_blocks=9729606_332904498_2_41_0%2C9729606_332904498_2_41_0&matching_block_id=9729606_332904498_2_41_0&sr_pri_blocks=9729606_332904498_2_41_0__12100%2C9729606_332904498_2_41_0__12100&from_sustainable_property_sr=1&from=searchresults#hotelTmpl;https://www.booking.com/hotel/py/las-lomas-casa.es.html?label=esrow-OtlvhU2CXhSVxek50Z_17wS410489931081%3Apl%3Ata%3Ap1%3Ap22.563.000%3Aac%3Aap%3Aneg%3Afi%3Atikwd-65526620%3Alp9069967%3Ali%3Adec%3Adm%3Appccp%3DUmFuZG9tSVYkc2RlIyh9YcUSe6BbHz0Ad_yDShFFSHQ&sid=7641fd823bc03f4920f0e88620434e97&aid=376374&ucfs=1&arphpl=1&checkin=2022-10-30&checkout=2022-10-31&group_adults=2&req_adults=2&no_rooms=2&group_children=2&req_children=2&age=5&req_age=5&age=9&req_age=9&hpos=12&hapos=62&sr_order=popularity&srpvid=8f8215ecf413008a&srepoch=1666753746&all_sr_blocks=37069301_336015831_0_1_0%2C37069301_336015831_0_1_0&highlighted_blocks=37069301_336015831_0_1_0%2C37069301_336015831_0_1_0&matching_block_id=37069301_336015831_0_1_0&sr_pri_blocks=37069301_336015831_0_1_0__12600%2C37069301_336015831_0_1_0__12600&from=searchresults#hotelTmpl;https://www.booking.com/hotel/py/apartementos-don-gerardo.es.html?label=esrow-OtlvhU2CXhSVxek50Z_17wS410489931081%3Apl%3Ata%3Ap1%3Ap22.563.000%3Aac%3Aap%3Aneg%3Afi%3Atikwd-65526620%3Alp9069967%3Ali%3Adec%3Adm%3Appccp%3DUmFuZG9tSVYkc2RlIyh9YcUSe6BbHz0Ad_yDShFFSHQ&sid=7641fd823bc03f4920f0e88620434e97&aid=376374&ucfs=1&arphpl=1&checkin=2022-10-30&checkout=2022-10-31&group_adults=2&req_adults=2&no_rooms=2&group_children=2&req_children=2&age=5&req_age=5&age=9&req_age=9&hpos=13&hapos=63&sr_order=popularity&srpvid=8f8215ecf413008a&srepoch=1666753746&all_sr_blocks=188821309_195108209_4_0_0&highlighted_blocks=188821309_195108209_4_0_0&matching_block_id=188821309_195108209_4_0_0&sr_pri_blocks=188821309_195108209_4_0_0__6000&from=searchresults#hotelTmpl;https://www.booking.com/hotel/py/beulah-boutique.es.html?label=esrow-OtlvhU2CXhSVxek50Z_17wS410489931081%3Apl%3Ata%3Ap1%3Ap22.563.000%3Aac%3Aap%3Aneg%3Afi%3Atikwd-65526620%3Alp9069967%3Ali%3Adec%3Adm%3Appccp%3DUmFuZG9tSVYkc2RlIyh9YcUSe6BbHz0Ad_yDShFFSHQ&sid=7641fd823bc03f4920f0e88620434e97&aid=376374&ucfs=1&arphpl=1&checkin=2022-10-30&checkout=2022-10-31&group_adults=2&req_adults=2&no_rooms=2&group_children=2&req_children=2&age=5&req_age=5&age=9&req_age=9&hpos=14&hapos=64&sr_order=popularity&srpvid=8f8215ecf413008a&srepoch=1666753746&all_sr_blocks=122498803_200293020_2_1_0%2C122498801_200293020_2_1_0&highlighted_blocks=122498803_200293020_2_1_0%2C122498801_200293020_2_1_0&matching_block_id=122498803_200293020_2_1_0&sr_pri_blocks=122498803_200293020_2_1_0__6500%2C122498801_200293020_2_1_0__6500&from=searchresults#hotelTmpl;https://www.booking.com/hotel/py/nueva-alborada-lodging-house.es.html?label=esrow-OtlvhU2CXhSVxek50Z_17wS410489931081%3Apl%3Ata%3Ap1%3Ap22.563.000%3Aac%3Aap%3Aneg%3Afi%3Atikwd-65526620%3Alp9069967%3Ali%3Adec%3Adm%3Appccp%3DUmFuZG9tSVYkc2RlIyh9YcUSe6BbHz0Ad_yDShFFSHQ&sid=7641fd823bc03f4920f0e88620434e97&aid=376374&ucfs=1&arphpl=1&checkin=2022-10-30&checkout=2022-10-31&group_adults=2&req_adults=2&no_rooms=2&group_children=2&req_children=2&age=5&req_age=5&age=9&req_age=9&hpos=15&hapos=65&sr_order=popularity&srpvid=8f8215ecf413008a&srepoch=1666753746&all_sr_blocks=182200604_120219041_3_1_0%2C182200602_120219041_1_1_0&highlighted_blocks=182200604_120219041_3_1_0%2C182200602_120219041_1_1_0&matching_block_id=182200604_120219041_3_1_0&sr_pri_blocks=182200604_120219041_3_1_0__5310%2C182200602_120219041_1_1_0__2430&from=searchresults#hotelTmpl;https://www.booking.com/hotel/py/the-hub.es.html?label=esrow-OtlvhU2CXhSVxek50Z_17wS410489931081%3Apl%3Ata%3Ap1%3Ap22.563.000%3Aac%3Aap%3Aneg%3Afi%3Atikwd-65526620%3Alp9069967%3Ali%3Adec%3Adm%3Appccp%3DUmFuZG9tSVYkc2RlIyh9YcUSe6BbHz0Ad_yDShFFSHQ&sid=7641fd823bc03f4920f0e88620434e97&aid=376374&ucfs=1&arphpl=1&checkin=2022-10-30&checkout=2022-10-31&group_adults=2&req_adults=2&no_rooms=2&group_children=2&req_children=2&age=5&req_age=5&age=9&req_age=9&hpos=16&hapos=66&sr_order=popularity&srpvid=8f8215ecf413008a&srepoch=1666753746&all_sr_blocks=156490801_243173708_2_41_0%2C156490801_243173708_2_41_0&highlighted_blocks=156490801_243173708_2_41_0%2C156490801_243173708_2_41_0&matching_block_id=156490801_243173708_2_41_0&sr_pri_blocks=156490801_243173708_2_41_0__8900%2C156490801_243173708_2_41_0__8900&from_sustainable_property_sr=1&from=searchresults#hotelTmpl;https://www.booking.com/hotel/py/five-by-rochester-hotels.es.html?label=esrow-OtlvhU2CXhSVxek50Z_17wS410489931081%3Apl%3Ata%3Ap1%3Ap22.563.000%3Aac%3Aap%3Aneg%3Afi%3Atikwd-65526620%3Alp9069967%3Ali%3Adec%3Adm%3Appccp%3DUmFuZG9tSVYkc2RlIyh9YcUSe6BbHz0Ad_yDShFFSHQ&sid=7641fd823bc03f4920f0e88620434e97&aid=376374&ucfs=1&arphpl=1&checkin=2022-10-30&checkout=2022-10-31&group_adults=2&req_adults=2&no_rooms=2&group_children=2&req_children=2&age=5&req_age=5&age=9&req_age=9&hpos=17&hapos=67&sr_order=popularity&srpvid=8f8215ecf413008a&srepoch=1666753746&all_sr_blocks=227820102_330023841_0_2_0%2C227820102_330023841_0_2_0&highlighted_blocks=227820102_330023841_0_2_0%2C227820102_330023841_0_2_0&matching_block_id=227820102_330023841_0_2_0&sr_pri_blocks=227820102_330023841_0_2_0__6629%2C227820102_330023841_0_2_0__6629&from=searchresults#hotelTmpl;https://www.booking.com/hotel/py/la-alondra-factoria.es.html?label=esrow-OtlvhU2CXhSVxek50Z_17wS410489931081%3Apl%3Ata%3Ap1%3Ap22.563.000%3Aac%3Aap%3Aneg%3Afi%3Atikwd-65526620%3Alp9069967%3Ali%3Adec%3Adm%3Appccp%3DUmFuZG9tSVYkc2RlIyh9YcUSe6BbHz0Ad_yDShFFSHQ&sid=7641fd823bc03f4920f0e88620434e97&aid=376374&ucfs=1&arphpl=1&checkin=2022-10-30&checkout=2022-10-31&group_adults=2&req_adults=2&no_rooms=2&group_children=2&req_children=2&age=5&req_age=5&age=9&req_age=9&hpos=18&hapos=68&sr_order=popularity&srpvid=8f8215ecf413008a&srepoch=1666753746&all_sr_blocks=175185301_330014222_0_1_0%2C175185305_330014222_0_1_0&highlighted_blocks=175185301_330014222_0_1_0%2C175185305_330014222_0_1_0&matching_block_id=175185301_330014222_0_1_0&sr_pri_blocks=175185301_330014222_0_1_0__13500%2C175185305_330014222_0_1_0__13500&from=searchresults#hotelTmpl;https://www.booking.com/hotel/py/hassler-boutique.es.html?label=esrow-OtlvhU2CXhSVxek50Z_17wS410489931081%3Apl%3Ata%3Ap1%3Ap22.563.000%3Aac%3Aap%3Aneg%3Afi%3Atikwd-65526620%3Alp9069967%3Ali%3Adec%3Adm%3Appccp%3DUmFuZG9tSVYkc2RlIyh9YcUSe6BbHz0Ad_yDShFFSHQ&sid=7641fd823bc03f4920f0e88620434e97&aid=376374&ucfs=1&arphpl=1&checkin=2022-10-30&checkout=2022-10-31&group_adults=2&req_adults=2&no_rooms=2&group_children=2&req_children=2&age=5&req_age=5&age=9&req_age=9&hpos=19&hapos=69&sr_order=popularity&srpvid=8f8215ecf413008a&srepoch=1666753746&all_sr_blocks=86231116_227885183_0_9_0%2C86231115_227885183_0_9_0&highlighted_blocks=86231116_227885183_0_9_0%2C86231115_227885183_0_9_0&matching_block_id=86231116_227885183_0_9_0&sr_pri_blocks=86231116_227885183_0_9_0__3500%2C86231115_227885183_0_9_0__3500&from_sustainable_property_sr=1&from=searchresults#hotelTmpl;https://www.booking.com/hotel/py/maison-suisse.es.html?label=esrow-OtlvhU2CXhSVxek50Z_17wS410489931081%3Apl%3Ata%3Ap1%3Ap22.563.000%3Aac%3Aap%3Aneg%3Afi%3Atikwd-65526620%3Alp9069967%3Ali%3Adec%3Adm%3Appccp%3DUmFuZG9tSVYkc2RlIyh9YcUSe6BbHz0Ad_yDShFFSHQ&sid=7641fd823bc03f4920f0e88620434e97&aid=376374&ucfs=1&arphpl=1&checkin=2022-10-30&checkout=2022-10-31&group_adults=2&req_adults=2&no_rooms=2&group_children=2&req_children=2&age=5&req_age=5&age=9&req_age=9&hpos=20&hapos=70&sr_order=popularity&srpvid=8f8215ecf413008a&srepoch=1666753746&all_sr_blocks=29367405_353132136_0_0_0%2C29367405_353132136_0_0_0&highlighted_blocks=29367405_353132136_0_0_0%2C29367405_353132136_0_0_0&matching_block_id=29367405_353132136_0_0_0&sr_pri_blocks=29367405_353132136_0_0_0__4500%2C29367405_353132136_0_0_0__4500&from_sustainable_property_sr=1&from=searchresults#hotelTmpl;https://www.booking.com/hotel/py/posada-del-cielo.es.html?label=esrow-OtlvhU2CXhSVxek50Z_17wS410489931081%3Apl%3Ata%3Ap1%3Ap22.563.000%3Aac%3Aap%3Aneg%3Afi%3Atikwd-65526620%3Alp9069967%3Ali%3Adec%3Adm%3Appccp%3DUmFuZG9tSVYkc2RlIyh9YcUSe6BbHz0Ad_yDShFFSHQ&sid=7641fd823bc03f4920f0e88620434e97&aid=376374&ucfs=1&arphpl=1&checkin=2022-10-30&checkout=2022-10-31&group_adults=2&req_adults=2&no_rooms=2&group_children=2&req_children=2&age=5&req_age=5&age=9&req_age=9&hpos=21&hapos=71&sr_order=popularity&srpvid=8f8215ecf413008a&srepoch=1666753746&all_sr_blocks=196442603_327090818_0_1_0%2C196442603_327090818_0_1_0&highlighted_blocks=196442603_327090818_0_1_0%2C196442603_327090818_0_1_0&matching_block_id=196442603_327090818_0_1_0&sr_pri_blocks=196442603_327090818_0_1_0__6500%2C196442603_327090818_0_1_0__6500&from=searchresults#hotelTmpl;https://www.booking.com/hotel/py/start-villa-morra-young-apartments.es.html?label=esrow-OtlvhU2CXhSVxek50Z_17wS410489931081%3Apl%3Ata%3Ap1%3Ap22.563.000%3Aac%3Aap%3Aneg%3Afi%3Atikwd-65526620%3Alp9069967%3Ali%3Adec%3Adm%3Appccp%3DUmFuZG9tSVYkc2RlIyh9YcUSe6BbHz0Ad_yDShFFSHQ&sid=7641fd823bc03f4920f0e88620434e97&aid=376374&ucfs=1&arphpl=1&checkin=2022-10-30&checkout=2022-10-31&group_adults=2&req_adults=2&no_rooms=2&group_children=2&req_children=2&age=5&req_age=5&age=9&req_age=9&hpos=22&hapos=72&sr_order=popularity&srpvid=8f8215ecf413008a&srepoch=1666753746&all_sr_blocks=217656101_359124596_0_0_0%2C217656101_359124596_0_0_0&highlighted_blocks=217656101_359124596_0_0_0%2C217656101_359124596_0_0_0&matching_block_id=217656101_359124596_0_0_0&sr_pri_blocks=217656101_359124596_0_0_0__9000%2C217656101_359124596_0_0_0__9000&from=searchresults#hotelTmpl;https://www.booking.com/hotel/py/oxo-bertoni-luxury-1-bedroom-apt-in-villa-morra.es.html?label=esrow-OtlvhU2CXhSVxek50Z_17wS410489931081%3Apl%3Ata%3Ap1%3Ap22.563.000%3Aac%3Aap%3Aneg%3Afi%3Atikwd-65526620%3Alp9069967%3Ali%3Adec%3Adm%3Appccp%3DUmFuZG9tSVYkc2RlIyh9YcUSe6BbHz0Ad_yDShFFSHQ&sid=7641fd823bc03f4920f0e88620434e97&aid=376374&ucfs=1&arphpl=1&checkin=2022-10-30&checkout=2022-10-31&group_adults=2&req_adults=2&no_rooms=2&group_children=2&req_children=2&age=5&req_age=5&age=9&req_age=9&hpos=23&hapos=73&sr_order=popularity&srpvid=8f8215ecf413008a&srepoch=1666753746&all_sr_blocks=864354201_358343186_4_0_0&highlighted_blocks=864354201_358343186_4_0_0&matching_block_id=864354201_358343186_4_0_0&sr_pri_blocks=864354201_358343186_4_0_0__7300&from=searchresults#hotelTmpl;https://www.booking.com/hotel/py/casa-quinta-verde-cielo.es.html?label=esrow-OtlvhU2CXhSVxek50Z_17wS410489931081%3Apl%3Ata%3Ap1%3Ap22.563.000%3Aac%3Aap%3Aneg%3Afi%3Atikwd-65526620%3Alp9069967%3Ali%3Adec%3Adm%3Appccp%3DUmFuZG9tSVYkc2RlIyh9YcUSe6BbHz0Ad_yDShFFSHQ&sid=7641fd823bc03f4920f0e88620434e97&aid=376374&ucfs=1&arphpl=1&checkin=2022-10-30&checkout=2022-10-31&group_adults=2&req_adults=2&no_rooms=2&group_children=2&req_children=2&age=5&req_age=5&age=9&req_age=9&hpos=24&hapos=74&sr_order=popularity&srpvid=8f8215ecf413008a&srepoch=1666753746&all_sr_blocks=867099701_355154625_9_0_0&highlighted_blocks=867099701_355154625_9_0_0&matching_block_id=867099701_355154625_9_0_0&sr_pri_blocks=867099701_355154625_9_0_0__18000&from=searchresults#hotelTmpl;https://www.booking.com/hotel/py/la-mision-boutique.es.html?label=esrow-OtlvhU2CXhSVxek50Z_17wS410489931081%3Apl%3Ata%3Ap1%3Ap22.563.000%3Aac%3Aap%3Aneg%3Afi%3Atikwd-65526620%3Alp9069967%3Ali%3Adec%3Adm%3Appccp%3DUmFuZG9tSVYkc2RlIyh9YcUSe6BbHz0Ad_yDShFFSHQ&sid=7641fd823bc03f4920f0e88620434e97&aid=376374&ucfs=1&arphpl=1&checkin=2022-10-30&checkout=2022-10-31&group_adults=2&req_adults=2&no_rooms=2&group_children=2&req_children=2&age=5&req_age=5&age=9&req_age=9&hpos=25&hapos=75&sr_order=popularity&srpvid=8f8215ecf413008a&srepoch=1666753746&all_sr_blocks=25902901_243173782_2_41_0%2C25902901_243173782_2_41_0&highlighted_blocks=25902901_243173782_2_41_0%2C25902901_243173782_2_41_0&matching_block_id=25902901_243173782_2_41_0&sr_pri_blocks=25902901_243173782_2_41_0__20000%2C25902901_243173782_2_41_0__20000&from_sustainable_property_sr=1&from=searchresults#hotelTmpl
